Date,HomeTeam,AwayTeam,FTHG,FTAG,gameId,season
18/08/2001,Charlton,Everton,1,2,0,20012002
18/08/2001,Derby,Blackburn,2,1,1,20012002
18/08/2001,Leeds,Southampton,2,0,2,20012002
18/08/2001,Leicester,Bolton,0,5,3,20012002
18/08/2001,Liverpool,West Ham,2,1,4,20012002
18/08/2001,Middlesbrough,Arsenal,0,4,5,20012002
18/08/2001,Sunderland,Ipswich,1,0,6,20012002
18/08/2001,Tottenham,Aston Villa,0,0,7,20012002
19/08/2001,Chelsea,Newcastle,1,1,8,20012002
19/08/2001,Man United,Fulham,3,2,9,20012002
20/08/2001,Everton,Tottenham,1,1,10,20012002
21/08/2001,Arsenal,Leeds,1,2,11,20012002
21/08/2001,Bolton,Middlesbrough,1,0,12,20012002
21/08/2001,Ipswich,Derby,3,1,13,20012002
22/08/2001,Blackburn,Man United,2,2,14,20012002
22/08/2001,Fulham,Sunderland,2,0,15,20012002
25/08/2001,Arsenal,Leicester,4,0,16,20012002
25/08/2001,Blackburn,Tottenham,2,1,17,20012002
25/08/2001,Everton,Middlesbrough,2,0,18,20012002
25/08/2001,Fulham,Derby,0,0,19,20012002
25/08/2001,Ipswich,Charlton,0,1,20,20012002
25/08/2001,Southampton,Chelsea,0,2,21,20012002
25/08/2001,West Ham,Leeds,0,0,22,20012002
26/08/2001,Aston Villa,Man United,1,1,23,20012002
26/08/2001,Newcastle,Sunderland,1,1,24,20012002
27/08/2001,Bolton,Liverpool,2,1,25,20012002
8/09/2001,Chelsea,Arsenal,1,1,26,20012002
8/09/2001,Derby,West Ham,0,0,27,20012002
8/09/2001,Leeds,Bolton,0,0,28,20012002
8/09/2001,Leicester,Ipswich,1,1,29,20012002
8/09/2001,Liverpool,Aston Villa,1,3,30,20012002
8/09/2001,Man United,Everton,4,1,31,20012002
8/09/2001,Middlesbrough,Newcastle,1,4,32,20012002
8/09/2001,Sunderland,Blackburn,1,0,33,20012002
9/09/2001,Charlton,Fulham,1,1,34,20012002
9/09/2001,Tottenham,Southampton,2,0,35,20012002
15/09/2001,Bolton,Southampton,0,1,36,20012002
15/09/2001,Derby,Leicester,2,3,37,20012002
15/09/2001,Everton,Liverpool,1,3,38,20012002
15/09/2001,Fulham,Arsenal,1,3,39,20012002
15/09/2001,Middlesbrough,West Ham,2,0,40,20012002
15/09/2001,Newcastle,Man United,4,3,41,20012002
16/09/2001,Aston Villa,Sunderland,0,0,42,20012002
16/09/2001,Charlton,Leeds,0,2,43,20012002
16/09/2001,Ipswich,Blackburn,1,1,44,20012002
16/09/2001,Tottenham,Chelsea,2,3,45,20012002
17/09/2001,Leicester,Middlesbrough,1,2,46,20012002
19/09/2001,Blackburn,Bolton,1,1,47,20012002
19/09/2001,Sunderland,Tottenham,1,2,48,20012002
22/09/2001,Arsenal,Bolton,1,1,49,20012002
22/09/2001,Blackburn,Everton,1,0,50,20012002
22/09/2001,Leicester,Fulham,0,0,51,20012002
22/09/2001,Liverpool,Tottenham,1,0,52,20012002
22/09/2001,Man United,Ipswich,4,0,53,20012002
22/09/2001,Sunderland,Charlton,2,2,54,20012002
23/09/2001,Chelsea,Middlesbrough,2,2,55,20012002
23/09/2001,Leeds,Derby,3,0,56,20012002
23/09/2001,West Ham,Newcastle,3,0,57,20012002
24/09/2001,Southampton,Aston Villa,1,3,58,20012002
26/09/2001,Newcastle,Leicester,1,0,59,20012002
29/09/2001,Bolton,Sunderland,0,2,60,20012002
29/09/2001,Charlton,Leicester,2,0,61,20012002
29/09/2001,Derby,Arsenal,0,2,62,20012002
29/09/2001,Everton,West Ham,5,0,63,20012002
29/09/2001,Middlesbrough,Southampton,1,3,64,20012002
29/09/2001,Tottenham,Man United,3,5,65,20012002
30/09/2001,Aston Villa,Blackburn,2,0,66,20012002
30/09/2001,Fulham,Chelsea,1,1,67,20012002
30/09/2001,Ipswich,Leeds,1,2,68,20012002
30/09/2001,Newcastle,Liverpool,0,2,69,20012002
13/10/2001,Bolton,Newcastle,0,4,70,20012002
13/10/2001,Charlton,Middlesbrough,0,0,71,20012002
13/10/2001,Chelsea,Leicester,2,0,72,20012002
13/10/2001,Ipswich,Everton,0,0,73,20012002
13/10/2001,Liverpool,Leeds,1,1,74,20012002
13/10/2001,Southampton,Arsenal,0,2,75,20012002
13/10/2001,Sunderland,Man United,1,3,76,20012002
14/10/2001,Aston Villa,Fulham,2,0,77,20012002
14/10/2001,Blackburn,West Ham,7,1,78,20012002
15/10/2001,Tottenham,Derby,3,1,79,20012002
20/10/2001,Arsenal,Blackburn,3,3,80,20012002
20/10/2001,Derby,Charlton,1,1,81,20012002
20/10/2001,Everton,Aston Villa,3,2,82,20012002
20/10/2001,Leicester,Liverpool,1,4,83,20012002
20/10/2001,Man United,Bolton,1,2,84,20012002
20/10/2001,West Ham,Southampton,2,0,85,20012002
21/10/2001,Fulham,Ipswich,1,1,86,20012002
21/10/2001,Leeds,Chelsea,0,0,87,20012002
21/10/2001,Newcastle,Tottenham,0,2,88,20012002
22/10/2001,Middlesbrough,Sunderland,2,0,89,20012002
24/10/2001,Aston Villa,Charlton,1,0,90,20012002
24/10/2001,Southampton,Ipswich,3,3,91,20012002
24/10/2001,West Ham,Chelsea,2,1,92,20012002
27/10/2001,Aston Villa,Bolton,3,2,93,20012002
27/10/2001,Charlton,Liverpool,0,2,94,20012002
27/10/2001,Everton,Newcastle,1,3,95,20012002
27/10/2001,Fulham,Southampton,2,1,96,20012002
27/10/2001,Man United,Leeds,1,1,97,20012002
27/10/2001,Sunderland,Arsenal,1,1,98,20012002
27/10/2001,Tottenham,Middlesbrough,2,1,99,20012002
28/10/2001,Derby,Chelsea,1,1,100,20012002
28/10/2001,Ipswich,West Ham,2,3,101,20012002
29/10/2001,Blackburn,Leicester,0,0,102,20012002
3/11/2001,Bolton,Everton,2,2,103,20012002
3/11/2001,Leicester,Sunderland,1,0,104,20012002
3/11/2001,Middlesbrough,Derby,5,1,105,20012002
3/11/2001,Newcastle,Aston Villa,3,0,106,20012002
3/11/2001,Southampton,Blackburn,1,2,107,20012002
3/11/2001,West Ham,Fulham,0,2,108,20012002
4/11/2001,Arsenal,Charlton,2,4,109,20012002
4/11/2001,Chelsea,Ipswich,2,1,110,20012002
4/11/2001,Leeds,Tottenham,2,1,111,20012002
4/11/2001,Liverpool,Man United,3,1,112,20012002
17/11/2001,Aston Villa,Middlesbrough,0,0,113,20012002
17/11/2001,Blackburn,Liverpool,1,1,114,20012002
17/11/2001,Derby,Southampton,1,0,115,20012002
17/11/2001,Fulham,Newcastle,3,1,116,20012002
17/11/2001,Man United,Leicester,2,0,117,20012002
17/11/2001,Tottenham,Arsenal,1,1,118,20012002
18/11/2001,Everton,Chelsea,0,0,119,20012002
18/11/2001,Ipswich,Bolton,1,2,120,20012002
18/11/2001,Sunderland,Leeds,2,0,121,20012002
19/11/2001,Charlton,West Ham,4,4,122,20012002
24/11/2001,Bolton,Fulham,0,0,123,20012002
24/11/2001,Chelsea,Blackburn,0,0,124,20012002
24/11/2001,Leicester,Everton,0,0,125,20012002
24/11/2001,Newcastle,Derby,1,0,126,20012002
24/11/2001,Southampton,Charlton,1,0,127,20012002
24/11/2001,West Ham,Tottenham,0,1,128,20012002
25/11/2001,Arsenal,Man United,3,1,129,20012002
25/11/2001,Leeds,Aston Villa,1,1,130,20012002
25/11/2001,Liverpool,Sunderland,1,0,131,20012002
25/11/2001,Middlesbrough,Ipswich,0,0,132,20012002
1/12/2001,Aston Villa,Leicester,0,2,133,20012002
1/12/2001,Blackburn,Middlesbrough,0,1,134,20012002
1/12/2001,Charlton,Newcastle,1,1,135,20012002
1/12/2001,Derby,Liverpool,0,1,136,20012002
1/12/2001,Ipswich,Arsenal,0,2,137,20012002
1/12/2001,Man United,Chelsea,0,3,138,20012002
1/12/2001,Sunderland,West Ham,1,0,139,20012002
2/12/2001,Everton,Southampton,2,0,140,20012002
2/12/2001,Fulham,Leeds,0,0,141,20012002
3/12/2001,Tottenham,Bolton,3,2,142,20012002
5/12/2001,Chelsea,Charlton,0,1,143,20012002
5/12/2001,West Ham,Aston Villa,1,1,144,20012002
8/12/2001,Charlton,Tottenham,3,1,145,20012002
8/12/2001,Derby,Bolton,1,0,146,20012002
8/12/2001,Fulham,Everton,2,0,147,20012002
8/12/2001,Leicester,Southampton,0,4,148,20012002
8/12/2001,Liverpool,Middlesbrough,2,0,149,20012002
8/12/2001,Man United,West Ham,0,1,150,20012002
9/12/2001,Arsenal,Aston Villa,3,2,151,20012002
9/12/2001,Blackburn,Leeds,1,2,152,20012002
9/12/2001,Ipswich,Newcastle,0,1,153,20012002
9/12/2001,Sunderland,Chelsea,0,0,154,20012002
12/12/2001,Liverpool,Fulham,0,0,155,20012002
12/12/2001,Man United,Derby,5,0,156,20012002
15/12/2001,Bolton,Charlton,0,0,157,20012002
15/12/2001,Everton,Derby,1,0,158,20012002
15/12/2001,Middlesbrough,Man United,0,1,159,20012002
15/12/2001,Newcastle,Blackburn,2,1,160,20012002
15/12/2001,Southampton,Sunderland,2,0,161,20012002
15/12/2001,Tottenham,Fulham,4,0,162,20012002
15/12/2001,West Ham,Arsenal,1,1,163,20012002
16/12/2001,Chelsea,Liverpool,4,0,164,20012002
16/12/2001,Leeds,Leicester,2,2,165,20012002
17/12/2001,Aston Villa,Ipswich,2,1,166,20012002
18/12/2001,Arsenal,Newcastle,1,3,167,20012002
19/12/2001,Leeds,Everton,3,2,168,20012002
22/12/2001,Charlton,Blackburn,0,2,169,20012002
22/12/2001,Derby,Aston Villa,3,1,170,20012002
22/12/2001,Leeds,Newcastle,3,4,171,20012002
22/12/2001,Leicester,West Ham,1,1,172,20012002
22/12/2001,Man United,Southampton,6,1,173,20012002
22/12/2001,Sunderland,Everton,1,0,174,20012002
22/12/2001,Tottenham,Ipswich,1,2,175,20012002
23/12/2001,Chelsea,Bolton,5,1,176,20012002
23/12/2001,Liverpool,Arsenal,1,2,177,20012002
26/12/2001,Arsenal,Chelsea,2,1,178,20012002
26/12/2001,Aston Villa,Liverpool,1,2,179,20012002
26/12/2001,Blackburn,Sunderland,0,3,180,20012002
26/12/2001,Bolton,Leeds,0,3,181,20012002
26/12/2001,Everton,Man United,0,2,182,20012002
26/12/2001,Fulham,Charlton,0,0,183,20012002
26/12/2001,Ipswich,Leicester,2,0,184,20012002
26/12/2001,Newcastle,Middlesbrough,3,0,185,20012002
26/12/2001,Southampton,Tottenham,1,0,186,20012002
26/12/2001,West Ham,Derby,4,0,187,20012002
29/12/2001,Arsenal,Middlesbrough,2,1,188,20012002
29/12/2001,Aston Villa,Tottenham,1,1,189,20012002
29/12/2001,Blackburn,Derby,0,1,190,20012002
29/12/2001,Bolton,Leicester,2,2,191,20012002
29/12/2001,Everton,Charlton,0,3,192,20012002
29/12/2001,Ipswich,Sunderland,5,0,193,20012002
29/12/2001,Newcastle,Chelsea,1,2,194,20012002
29/12/2001,Southampton,Leeds,0,1,195,20012002
29/12/2001,West Ham,Liverpool,1,1,196,20012002
30/12/2001,Fulham,Man United,2,3,197,20012002
1/01/2002,Charlton,Ipswich,3,2,198,20012002
1/01/2002,Chelsea,Southampton,2,4,199,20012002
1/01/2002,Leeds,West Ham,3,0,200,20012002
1/01/2002,Liverpool,Bolton,1,1,201,20012002
1/01/2002,Middlesbrough,Everton,1,0,202,20012002
1/01/2002,Sunderland,Aston Villa,1,1,203,20012002
1/01/2002,Tottenham,Blackburn,1,0,204,20012002
2/01/2002,Derby,Fulham,0,1,205,20012002
2/01/2002,Man United,Newcastle,3,1,206,20012002
9/01/2002,Southampton,Liverpool,2,0,207,20012002
12/01/2002,Aston Villa,Derby,2,1,208,20012002
12/01/2002,Blackburn,Charlton,4,1,209,20012002
12/01/2002,Bolton,Chelsea,2,2,210,20012002
12/01/2002,Everton,Sunderland,1,0,211,20012002
12/01/2002,Fulham,Middlesbrough,2,1,212,20012002
12/01/2002,Ipswich,Tottenham,2,1,213,20012002
12/01/2002,Newcastle,Leeds,3,1,214,20012002
12/01/2002,West Ham,Leicester,1,0,215,20012002
13/01/2002,Arsenal,Liverpool,1,1,216,20012002
13/01/2002,Southampton,Man United,1,3,217,20012002
19/01/2002,Derby,Ipswich,1,3,218,20012002
19/01/2002,Leicester,Newcastle,0,0,219,20012002
19/01/2002,Liverpool,Southampton,1,1,220,20012002
19/01/2002,Man United,Blackburn,2,1,221,20012002
19/01/2002,Middlesbrough,Bolton,1,1,222,20012002
19/01/2002,Sunderland,Fulham,1,1,223,20012002
19/01/2002,Tottenham,Everton,1,1,224,20012002
20/01/2002,Chelsea,West Ham,5,1,225,20012002
20/01/2002,Leeds,Arsenal,1,1,226,20012002
21/01/2002,Charlton,Aston Villa,1,2,227,20012002
22/01/2002,Man United,Liverpool,0,1,228,20012002
23/01/2002,Leicester,Arsenal,1,3,229,20012002
29/01/2002,Bolton,Man United,0,4,230,20012002
29/01/2002,Charlton,Derby,1,0,231,20012002
29/01/2002,Sunderland,Middlesbrough,0,1,232,20012002
30/01/2002,Aston Villa,Everton,0,0,233,20012002
30/01/2002,Blackburn,Arsenal,2,3,234,20012002
30/01/2002,Chelsea,Leeds,2,0,235,20012002
30/01/2002,Ipswich,Fulham,1,0,236,20012002
30/01/2002,Liverpool,Leicester,1,0,237,20012002
30/01/2002,Southampton,West Ham,2,0,238,20012002
30/01/2002,Tottenham,Newcastle,1,3,239,20012002
2/02/2002,Arsenal,Southampton,1,1,240,20012002
2/02/2002,Derby,Tottenham,1,0,241,20012002
2/02/2002,Everton,Ipswich,1,2,242,20012002
2/02/2002,Fulham,Aston Villa,0,0,243,20012002
2/02/2002,Leicester,Chelsea,2,3,244,20012002
2/02/2002,Man United,Sunderland,4,1,245,20012002
2/02/2002,Newcastle,Bolton,3,2,246,20012002
2/02/2002,West Ham,Blackburn,2,0,247,20012002
3/02/2002,Leeds,Liverpool,0,4,248,20012002
3/02/2002,Middlesbrough,Charlton,0,0,249,20012002
9/02/2002,Aston Villa,Chelsea,1,1,250,20012002
9/02/2002,Bolton,West Ham,1,0,251,20012002
9/02/2002,Derby,Sunderland,0,1,252,20012002
9/02/2002,Fulham,Blackburn,2,0,253,20012002
9/02/2002,Ipswich,Liverpool,0,6,254,20012002
9/02/2002,Middlesbrough,Leeds,2,2,255,20012002
9/02/2002,Newcastle,Southampton,3,1,256,20012002
9/02/2002,Tottenham,Leicester,2,1,257,20012002
10/02/2002,Charlton,Man United,0,2,258,20012002
10/02/2002,Everton,Arsenal,0,1,259,20012002
19/02/2002,Middlesbrough,Fulham,2,1,260,20012002
23/02/2002,Arsenal,Fulham,4,1,261,20012002
23/02/2002,Leicester,Derby,0,3,262,20012002
23/02/2002,Liverpool,Everton,1,1,263,20012002
23/02/2002,Man United,Aston Villa,1,0,264,20012002
23/02/2002,Southampton,Bolton,0,0,265,20012002
23/02/2002,West Ham,Middlesbrough,1,0,266,20012002
24/02/2002,Leeds,Charlton,0,0,267,20012002
24/02/2002,Sunderland,Newcastle,0,1,268,20012002
2/03/2002,Aston Villa,West Ham,2,1,269,20012002
2/03/2002,Bolton,Blackburn,1,1,270,20012002
2/03/2002,Charlton,Chelsea,2,1,271,20012002
2/03/2002,Fulham,Liverpool,0,2,272,20012002
2/03/2002,Ipswich,Southampton,1,3,273,20012002
2/03/2002,Middlesbrough,Leicester,1,0,274,20012002
2/03/2002,Newcastle,Arsenal,0,2,275,20012002
2/03/2002,Tottenham,Sunderland,2,1,276,20012002
3/03/2002,Derby,Man United,2,2,277,20012002
3/03/2002,Everton,Leeds,0,0,278,20012002
5/03/2002,Arsenal,Derby,1,0,279,20012002
5/03/2002,Blackburn,Aston Villa,3,0,280,20012002
5/03/2002,Sunderland,Bolton,1,0,281,20012002
6/03/2002,Chelsea,Fulham,3,2,282,20012002
6/03/2002,Leeds,Ipswich,2,0,283,20012002
6/03/2002,Liverpool,Newcastle,3,0,284,20012002
6/03/2002,Man United,Tottenham,4,0,285,20012002
6/03/2002,Southampton,Middlesbrough,1,1,286,20012002
6/03/2002,West Ham,Everton,1,0,287,20012002
9/03/2002,Leicester,Charlton,1,1,288,20012002
13/03/2002,Blackburn,Ipswich,2,1,289,20012002
13/03/2002,Chelsea,Tottenham,4,0,290,20012002
16/03/2002,Bolton,Derby,1,3,291,20012002
16/03/2002,Chelsea,Sunderland,4,0,292,20012002
16/03/2002,Everton,Fulham,2,1,293,20012002
16/03/2002,Middlesbrough,Liverpool,1,2,294,20012002
16/03/2002,Newcastle,Ipswich,2,2,295,20012002
16/03/2002,Southampton,Leicester,2,2,296,20012002
16/03/2002,West Ham,Man United,3,5,297,20012002
17/03/2002,Aston Villa,Arsenal,1,2,298,20012002
17/03/2002,Leeds,Blackburn,3,1,299,20012002
18/03/2002,Tottenham,Charlton,0,1,300,20012002
23/03/2002,Charlton,Bolton,1,2,301,20012002
23/03/2002,Derby,Everton,3,4,302,20012002
23/03/2002,Ipswich,Aston Villa,0,0,303,20012002
23/03/2002,Leicester,Leeds,0,2,304,20012002
23/03/2002,Man United,Middlesbrough,0,1,305,20012002
23/03/2002,Sunderland,Southampton,1,1,306,20012002
24/03/2002,Fulham,Tottenham,0,2,307,20012002
24/03/2002,Liverpool,Chelsea,1,0,308,20012002
29/03/2002,Newcastle,Everton,6,2,309,20012002
30/03/2002,Arsenal,Sunderland,3,0,310,20012002
30/03/2002,Bolton,Aston Villa,3,2,311,20012002
30/03/2002,Chelsea,Derby,2,1,312,20012002
30/03/2002,Leeds,Man United,3,4,313,20012002
30/03/2002,Leicester,Blackburn,2,1,314,20012002
30/03/2002,Liverpool,Charlton,2,0,315,20012002
30/03/2002,Middlesbrough,Tottenham,1,1,316,20012002
30/03/2002,Southampton,Fulham,1,1,317,20012002
30/03/2002,West Ham,Ipswich,3,1,318,20012002
1/04/2002,Blackburn,Southampton,2,0,319,20012002
1/04/2002,Charlton,Arsenal,0,3,320,20012002
1/04/2002,Derby,Middlesbrough,0,1,321,20012002
1/04/2002,Everton,Bolton,3,1,322,20012002
1/04/2002,Fulham,West Ham,0,1,323,20012002
1/04/2002,Ipswich,Chelsea,0,0,324,20012002
1/04/2002,Sunderland,Leicester,2,1,325,20012002
1/04/2002,Tottenham,Leeds,2,1,326,20012002
2/04/2002,Aston Villa,Newcastle,1,1,327,20012002
6/04/2002,Arsenal,Tottenham,2,1,328,20012002
6/04/2002,Bolton,Ipswich,4,1,329,20012002
6/04/2002,Chelsea,Everton,3,0,330,20012002
6/04/2002,Leicester,Man United,0,1,331,20012002
6/04/2002,Middlesbrough,Aston Villa,2,1,332,20012002
6/04/2002,Southampton,Derby,2,0,333,20012002
6/04/2002,West Ham,Charlton,2,0,334,20012002
7/04/2002,Leeds,Sunderland,2,0,335,20012002
8/04/2002,Newcastle,Fulham,1,1,336,20012002
10/04/2002,Blackburn,Chelsea,0,0,337,20012002
13/04/2002,Aston Villa,Leeds,0,1,338,20012002
13/04/2002,Charlton,Southampton,1,1,339,20012002
13/04/2002,Derby,Newcastle,2,3,340,20012002
13/04/2002,Everton,Leicester,2,2,341,20012002
13/04/2002,Sunderland,Liverpool,0,1,342,20012002
13/04/2002,Tottenham,West Ham,1,1,343,20012002
20/04/2002,Bolton,Tottenham,1,1,344,20012002
20/04/2002,Chelsea,Man United,0,3,345,20012002
20/04/2002,Leeds,Fulham,0,1,346,20012002
20/04/2002,Leicester,Aston Villa,2,2,347,20012002
20/04/2002,Liverpool,Derby,2,0,348,20012002
20/04/2002,Middlesbrough,Blackburn,1,3,349,20012002
20/04/2002,Newcastle,Charlton,3,0,350,20012002
20/04/2002,Southampton,Everton,0,1,351,20012002
20/04/2002,West Ham,Sunderland,3,0,352,20012002
21/04/2002,Arsenal,Ipswich,2,0,353,20012002
23/04/2002,Blackburn,Newcastle,2,2,354,20012002
23/04/2002,Fulham,Bolton,3,0,355,20012002
24/04/2002,Arsenal,West Ham,2,0,356,20012002
24/04/2002,Ipswich,Middlesbrough,1,0,357,20012002
27/04/2002,Aston Villa,Southampton,2,1,358,20012002
27/04/2002,Charlton,Sunderland,2,2,359,20012002
27/04/2002,Derby,Leeds,0,1,360,20012002
27/04/2002,Fulham,Leicester,0,0,361,20012002
27/04/2002,Ipswich,Man United,0,1,362,20012002
27/04/2002,Middlesbrough,Chelsea,0,2,363,20012002
27/04/2002,Newcastle,West Ham,3,1,364,20012002
27/04/2002,Tottenham,Liverpool,1,0,365,20012002
28/04/2002,Everton,Blackburn,1,2,366,20012002
29/04/2002,Bolton,Arsenal,0,2,367,20012002
8/05/2002,Liverpool,Blackburn,4,3,368,20012002
8/05/2002,Man United,Arsenal,0,1,369,20012002
11/05/2002,Arsenal,Everton,4,3,370,20012002
11/05/2002,Blackburn,Fulham,3,0,371,20012002
11/05/2002,Chelsea,Aston Villa,1,3,372,20012002
11/05/2002,Leeds,Middlesbrough,1,0,373,20012002
11/05/2002,Leicester,Tottenham,2,1,374,20012002
11/05/2002,Liverpool,Ipswich,5,0,375,20012002
11/05/2002,Man United,Charlton,0,0,376,20012002
11/05/2002,Southampton,Newcastle,3,1,377,20012002
11/05/2002,Sunderland,Derby,1,1,378,20012002
11/05/2002,West Ham,Bolton,2,1,379,20012002
17/08/2002,Blackburn,Sunderland,0,0,380,20022003
17/08/2002,Charlton,Chelsea,2,3,381,20022003
17/08/2002,Everton,Tottenham,2,2,382,20022003
17/08/2002,Fulham,Bolton,4,1,383,20022003
17/08/2002,Leeds,Man City,3,0,384,20022003
17/08/2002,Man United,West Brom,1,0,385,20022003
17/08/2002,Southampton,Middlesboro,0,0,386,20022003
18/08/2002,Arsenal,Birmingham,2,0,387,20022003
18/08/2002,Aston Villa,Liverpool,0,1,388,20022003
19/08/2002,Newcastle,West Ham,4,0,389,20022003
23/08/2002,Chelsea,Man United,2,2,390,20022003
24/08/2002,Birmingham,Blackburn,0,1,391,20022003
24/08/2002,Bolton,Charlton,1,2,392,20022003
24/08/2002,Liverpool,Southampton,3,0,393,20022003
24/08/2002,Man City,Newcastle,1,0,394,20022003
24/08/2002,Middlesboro,Fulham,2,2,395,20022003
24/08/2002,Sunderland,Everton,0,1,396,20022003
24/08/2002,Tottenham,Aston Villa,1,0,397,20022003
24/08/2002,West Brom,Leeds,1,3,398,20022003
24/08/2002,West Ham,Arsenal,2,2,399,20022003
27/08/2002,Arsenal,West Brom,5,2,400,20022003
27/08/2002,Charlton,Tottenham,0,1,401,20022003
28/08/2002,Aston Villa,Man City,1,0,402,20022003
28/08/2002,Blackburn,Liverpool,2,2,403,20022003
28/08/2002,Everton,Birmingham,1,1,404,20022003
28/08/2002,Leeds,Sunderland,0,1,405,20022003
28/08/2002,Southampton,Chelsea,1,1,406,20022003
31/08/2002,Birmingham,Leeds,2,1,407,20022003
31/08/2002,Man City,Everton,3,1,408,20022003
31/08/2002,Middlesboro,Blackburn,1,0,409,20022003
31/08/2002,Sunderland,Man United,1,1,410,20022003
31/08/2002,Tottenham,Southampton,2,1,411,20022003
31/08/2002,West Brom,Fulham,1,0,412,20022003
31/08/2002,West Ham,Charlton,0,2,413,20022003
1/09/2002,Bolton,Aston Villa,1,0,414,20022003
1/09/2002,Chelsea,Arsenal,1,1,415,20022003
2/09/2002,Liverpool,Newcastle,2,2,416,20022003
3/09/2002,Man United,Middlesboro,1,0,417,20022003
10/09/2002,Arsenal,Man City,2,1,418,20022003
10/09/2002,Middlesboro,Sunderland,3,0,419,20022003
11/09/2002,Aston Villa,Charlton,2,0,420,20022003
11/09/2002,Blackburn,Chelsea,2,3,421,20022003
11/09/2002,Fulham,Tottenham,3,2,422,20022003
11/09/2002,Liverpool,Birmingham,2,2,423,20022003
11/09/2002,Man United,Bolton,0,1,424,20022003
11/09/2002,Newcastle,Leeds,0,2,425,20022003
11/09/2002,Southampton,Everton,1,0,426,20022003
11/09/2002,West Ham,West Brom,0,1,427,20022003
14/09/2002,Bolton,Liverpool,2,3,428,20022003
14/09/2002,Charlton,Arsenal,0,3,429,20022003
14/09/2002,Chelsea,Newcastle,3,0,430,20022003
14/09/2002,Everton,Middlesboro,2,1,431,20022003
14/09/2002,Leeds,Man United,1,0,432,20022003
14/09/2002,Sunderland,Fulham,0,3,433,20022003
14/09/2002,West Brom,Southampton,1,0,434,20022003
15/09/2002,Man City,Blackburn,2,2,435,20022003
15/09/2002,Tottenham,West Ham,3,2,436,20022003
16/09/2002,Birmingham,Aston Villa,3,0,437,20022003
21/09/2002,Arsenal,Bolton,2,1,438,20022003
21/09/2002,Liverpool,West Brom,2,0,439,20022003
21/09/2002,Man United,Tottenham,1,0,440,20022003
21/09/2002,Middlesboro,Birmingham,1,0,441,20022003
21/09/2002,Newcastle,Sunderland,2,0,442,20022003
21/09/2002,Southampton,Charlton,0,0,443,20022003
21/09/2002,West Ham,Man City,0,0,444,20022003
22/09/2002,Aston Villa,Everton,3,2,445,20022003
22/09/2002,Blackburn,Leeds,1,0,446,20022003
23/09/2002,Fulham,Chelsea,0,0,447,20022003
28/09/2002,Birmingham,Newcastle,0,2,448,20022003
28/09/2002,Bolton,Southampton,1,1,449,20022003
28/09/2002,Charlton,Man United,1,3,450,20022003
28/09/2002,Chelsea,West Ham,2,3,451,20022003
28/09/2002,Everton,Fulham,2,0,452,20022003
28/09/2002,Leeds,Arsenal,1,4,453,20022003
28/09/2002,Man City,Liverpool,0,3,454,20022003
28/09/2002,Sunderland,Aston Villa,1,0,455,20022003
28/09/2002,Tottenham,Middlesboro,0,3,456,20022003
30/09/2002,West Brom,Blackburn,0,2,457,20022003
5/10/2002,Middlesboro,Bolton,2,0,458,20022003
5/10/2002,Newcastle,West Brom,2,1,459,20022003
5/10/2002,Southampton,Man City,2,0,460,20022003
5/10/2002,West Ham,Birmingham,1,2,461,20022003
6/10/2002,Arsenal,Sunderland,3,1,462,20022003
6/10/2002,Aston Villa,Leeds,0,0,463,20022003
6/10/2002,Blackburn,Tottenham,1,2,464,20022003
6/10/2002,Fulham,Charlton,1,0,465,20022003
6/10/2002,Liverpool,Chelsea,1,0,466,20022003
7/10/2002,Man United,Everton,3,0,467,20022003
19/10/2002,Blackburn,Newcastle,5,2,468,20022003
19/10/2002,Everton,Arsenal,2,1,469,20022003
19/10/2002,Fulham,Man United,1,1,470,20022003
19/10/2002,Leeds,Liverpool,0,1,471,20022003
19/10/2002,Man City,Chelsea,0,3,472,20022003
19/10/2002,Sunderland,West Ham,0,1,473,20022003
19/10/2002,West Brom,Birmingham,1,1,474,20022003
20/10/2002,Charlton,Middlesboro,1,0,475,20022003
20/10/2002,Tottenham,Bolton,3,1,476,20022003
21/10/2002,Aston Villa,Southampton,0,1,477,20022003
23/10/2002,Fulham,West Ham,0,1,478,20022003
26/10/2002,Arsenal,Blackburn,1,2,479,20022003
26/10/2002,Birmingham,Man City,0,2,480,20022003
26/10/2002,Chelsea,West Brom,2,0,481,20022003
26/10/2002,Liverpool,Tottenham,2,1,482,20022003
26/10/2002,Man United,Aston Villa,1,1,483,20022003
26/10/2002,Middlesboro,Leeds,2,2,484,20022003
26/10/2002,Newcastle,Charlton,2,1,485,20022003
27/10/2002,Southampton,Fulham,4,2,486,20022003
27/10/2002,West Ham,Everton,0,1,487,20022003
28/10/2002,Bolton,Sunderland,1,1,488,20022003
2/11/2002,Birmingham,Bolton,3,1,489,20022003
2/11/2002,Liverpool,West Ham,2,0,490,20022003
2/11/2002,Man United,Southampton,2,1,491,20022003
2/11/2002,West Brom,Man City,1,2,492,20022003
3/11/2002,Blackburn,Aston Villa,0,0,493,20022003
3/11/2002,Charlton,Sunderland,1,1,494,20022003
3/11/2002,Fulham,Arsenal,0,1,495,20022003
3/11/2002,Leeds,Everton,0,1,496,20022003
3/11/2002,Tottenham,Chelsea,0,0,497,20022003
4/11/2002,Newcastle,Middlesboro,2,0,498,20022003
9/11/2002,Arsenal,Newcastle,1,0,499,20022003
9/11/2002,Aston Villa,Fulham,3,1,500,20022003
9/11/2002,Bolton,West Brom,1,1,501,20022003
9/11/2002,Chelsea,Birmingham,3,0,502,20022003
9/11/2002,Everton,Charlton,1,0,503,20022003
9/11/2002,Man City,Man United,3,1,504,20022003
9/11/2002,Middlesboro,Liverpool,1,0,505,20022003
9/11/2002,Southampton,Blackburn,1,1,506,20022003
10/11/2002,Sunderland,Tottenham,2,0,507,20022003
10/11/2002,West Ham,Leeds,3,4,508,20022003
16/11/2002,Arsenal,Tottenham,3,0,509,20022003
16/11/2002,Chelsea,Middlesboro,1,0,510,20022003
16/11/2002,Man City,Charlton,0,1,511,20022003
16/11/2002,Newcastle,Southampton,2,1,512,20022003
16/11/2002,West Brom,Aston Villa,0,0,513,20022003
17/11/2002,Birmingham,Fulham,0,0,514,20022003
17/11/2002,Blackburn,Everton,0,1,515,20022003
17/11/2002,Leeds,Bolton,2,4,516,20022003
17/11/2002,Liverpool,Sunderland,0,0,517,20022003
17/11/2002,West Ham,Man United,1,1,518,20022003
23/11/2002,Aston Villa,West Ham,4,1,519,20022003
23/11/2002,Bolton,Chelsea,1,1,520,20022003
23/11/2002,Everton,West Brom,1,0,521,20022003
23/11/2002,Fulham,Liverpool,3,2,522,20022003
23/11/2002,Man United,Newcastle,5,3,523,20022003
23/11/2002,Middlesboro,Man City,3,1,524,20022003
23/11/2002,Southampton,Arsenal,3,2,525,20022003
23/11/2002,Sunderland,Birmingham,0,1,526,20022003
24/11/2002,Charlton,Blackburn,3,1,527,20022003
24/11/2002,Tottenham,Leeds,2,0,528,20022003
30/11/2002,Arsenal,Aston Villa,3,1,529,20022003
30/11/2002,Birmingham,Tottenham,1,1,530,20022003
30/11/2002,Blackburn,Fulham,2,1,531,20022003
30/11/2002,Chelsea,Sunderland,3,0,532,20022003
30/11/2002,Man City,Bolton,2,0,533,20022003
30/11/2002,West Brom,Middlesboro,1,0,534,20022003
1/12/2002,Leeds,Charlton,1,2,535,20022003
1/12/2002,Liverpool,Man United,1,2,536,20022003
1/12/2002,Newcastle,Everton,2,1,537,20022003
2/12/2002,West Ham,Southampton,0,1,538,20022003
7/12/2002,Aston Villa,Newcastle,0,1,539,20022003
7/12/2002,Bolton,Blackburn,1,1,540,20022003
7/12/2002,Charlton,Liverpool,2,0,541,20022003
7/12/2002,Everton,Chelsea,1,3,542,20022003
7/12/2002,Fulham,Leeds,1,0,543,20022003
7/12/2002,Man United,Arsenal,2,0,544,20022003
7/12/2002,Middlesboro,West Ham,2,2,545,20022003
7/12/2002,Southampton,Birmingham,2,0,546,20022003
8/12/2002,Tottenham,West Brom,3,1,547,20022003
9/12/2002,Sunderland,Man City,0,3,548,20022003
14/12/2002,Aston Villa,West Brom,2,1,549,20022003
14/12/2002,Charlton,Man City,2,2,550,20022003
14/12/2002,Everton,Blackburn,2,1,551,20022003
14/12/2002,Man United,West Ham,3,0,552,20022003
14/12/2002,Middlesboro,Chelsea,1,1,553,20022003
14/12/2002,Southampton,Newcastle,1,1,554,20022003
15/12/2002,Fulham,Birmingham,0,1,555,20022003
15/12/2002,Sunderland,Liverpool,2,1,556,20022003
15/12/2002,Tottenham,Arsenal,1,1,557,20022003
16/12/2002,Bolton,Leeds,0,3,558,20022003
21/12/2002,Arsenal,Middlesboro,2,0,559,20022003
21/12/2002,Birmingham,Charlton,1,1,560,20022003
21/12/2002,Chelsea,Aston Villa,2,0,561,20022003
21/12/2002,Leeds,Southampton,1,1,562,20022003
21/12/2002,Newcastle,Fulham,2,0,563,20022003
21/12/2002,West Brom,Sunderland,2,2,564,20022003
21/12/2002,West Ham,Bolton,1,1,565,20022003
22/12/2002,Blackburn,Man United,1,0,566,20022003
22/12/2002,Liverpool,Everton,0,0,567,20022003
23/12/2002,Man City,Tottenham,2,3,568,20022003
26/12/2002,Birmingham,Everton,1,1,569,20022003
26/12/2002,Bolton,Newcastle,4,3,570,20022003
26/12/2002,Chelsea,Southampton,0,0,571,20022003
26/12/2002,Liverpool,Blackburn,1,1,572,20022003
26/12/2002,Man City,Aston Villa,3,1,573,20022003
26/12/2002,Middlesboro,Man United,3,1,574,20022003
26/12/2002,Sunderland,Leeds,1,2,575,20022003
26/12/2002,Tottenham,Charlton,2,2,576,20022003
26/12/2002,West Brom,Arsenal,1,2,577,20022003
26/12/2002,West Ham,Fulham,1,1,578,20022003
28/12/2002,Aston Villa,Middlesboro,1,0,579,20022003
28/12/2002,Blackburn,West Ham,2,2,580,20022003
28/12/2002,Charlton,West Brom,1,0,581,20022003
28/12/2002,Everton,Bolton,0,0,582,20022003
28/12/2002,Fulham,Man City,0,1,583,20022003
28/12/2002,Leeds,Chelsea,2,0,584,20022003
28/12/2002,Man United,Birmingham,2,0,585,20022003
28/12/2002,Southampton,Sunderland,2,1,586,20022003
29/12/2002,Arsenal,Liverpool,1,1,587,20022003
29/12/2002,Newcastle,Tottenham,2,1,588,20022003
1/01/2003,Arsenal,Chelsea,3,2,589,20022003
1/01/2003,Aston Villa,Bolton,2,0,590,20022003
1/01/2003,Blackburn,Middlesboro,1,0,591,20022003
1/01/2003,Everton,Man City,2,2,592,20022003
1/01/2003,Leeds,Birmingham,2,0,593,20022003
1/01/2003,Man United,Sunderland,2,1,594,20022003
1/01/2003,Newcastle,Liverpool,1,0,595,20022003
1/01/2003,Southampton,Tottenham,1,0,596,20022003
11/01/2003,Bolton,Fulham,0,0,597,20022003
11/01/2003,Chelsea,Charlton,4,1,598,20022003
11/01/2003,Liverpool,Aston Villa,1,1,599,20022003
11/01/2003,Man City,Leeds,2,1,600,20022003
11/01/2003,Middlesboro,Southampton,2,2,601,20022003
11/01/2003,Sunderland,Blackburn,0,0,602,20022003
11/01/2003,West Brom,Man United,1,3,603,20022003
11/01/2003,West Ham,Newcastle,2,2,604,20022003
12/01/2003,Birmingham,Arsenal,0,4,605,20022003
12/01/2003,Tottenham,Everton,4,3,606,20022003
18/01/2003,Aston Villa,Tottenham,0,1,607,20022003
18/01/2003,Blackburn,Birmingham,1,1,608,20022003
18/01/2003,Charlton,Bolton,1,1,609,20022003
18/01/2003,Everton,Sunderland,2,1,610,20022003
18/01/2003,Leeds,West Brom,0,0,611,20022003
18/01/2003,Man United,Chelsea,2,1,612,20022003
18/01/2003,Newcastle,Man City,2,0,613,20022003
18/01/2003,Southampton,Liverpool,0,1,614,20022003
19/01/2003,Arsenal,West Ham,3,1,615,20022003
19/01/2003,Fulham,Middlesboro,1,0,616,20022003
22/01/2003,Charlton,West Ham,4,2,617,20022003
22/01/2003,Newcastle,Bolton,1,0,618,20022003
28/01/2003,Bolton,Everton,1,2,619,20022003
28/01/2003,Chelsea,Leeds,3,2,620,20022003
28/01/2003,Middlesboro,Aston Villa,2,5,621,20022003
28/01/2003,Sunderland,Southampton,0,1,622,20022003
29/01/2003,Liverpool,Arsenal,2,2,623,20022003
29/01/2003,Man City,Fulham,4,1,624,20022003
29/01/2003,Tottenham,Newcastle,0,1,625,20022003
29/01/2003,West Brom,Charlton,0,1,626,20022003
29/01/2003,West Ham,Blackburn,2,1,627,20022003
1/02/2003,Arsenal,Fulham,2,1,628,20022003
1/02/2003,Bolton,Birmingham,4,2,629,20022003
1/02/2003,Chelsea,Tottenham,1,1,630,20022003
1/02/2003,Everton,Leeds,2,0,631,20022003
1/02/2003,Man City,West Brom,1,2,632,20022003
1/02/2003,Southampton,Man United,0,2,633,20022003
1/02/2003,Sunderland,Charlton,1,3,634,20022003
2/02/2003,Aston Villa,Blackburn,3,0,635,20022003
2/02/2003,West Ham,Liverpool,0,3,636,20022003
4/02/2003,Birmingham,Man United,0,1,637,20022003
8/02/2003,Birmingham,Chelsea,1,3,638,20022003
8/02/2003,Blackburn,Southampton,1,0,639,20022003
8/02/2003,Charlton,Everton,2,1,640,20022003
8/02/2003,Fulham,Aston Villa,2,1,641,20022003
8/02/2003,Leeds,West Ham,1,0,642,20022003
8/02/2003,Liverpool,Middlesboro,1,1,643,20022003
8/02/2003,Tottenham,Sunderland,4,1,644,20022003
8/02/2003,West Brom,Bolton,1,1,645,20022003
9/02/2003,Man United,Man City,1,1,646,20022003
9/02/2003,Newcastle,Arsenal,1,1,647,20022003
19/02/2003,Fulham,West Brom,3,0,648,20022003
22/02/2003,Bolton,Man United,1,1,649,20022003
22/02/2003,Charlton,Aston Villa,3,0,650,20022003
22/02/2003,Chelsea,Blackburn,1,2,651,20022003
22/02/2003,Everton,Southampton,2,1,652,20022003
22/02/2003,Leeds,Newcastle,0,3,653,20022003
22/02/2003,Man City,Arsenal,1,5,654,20022003
22/02/2003,Sunderland,Middlesboro,1,3,655,20022003
23/02/2003,Birmingham,Liverpool,2,1,656,20022003
23/02/2003,West Brom,West Ham,1,2,657,20022003
24/02/2003,Tottenham,Fulham,1,1,658,20022003
1/03/2003,Blackburn,Man City,1,0,659,20022003
1/03/2003,Fulham,Sunderland,1,0,660,20022003
1/03/2003,Middlesboro,Everton,1,1,661,20022003
1/03/2003,Newcastle,Chelsea,2,1,662,20022003
1/03/2003,Southampton,West Brom,1,0,663,20022003
1/03/2003,West Ham,Tottenham,2,0,664,20022003
2/03/2003,Arsenal,Charlton,2,0,665,20022003
3/03/2003,Aston Villa,Birmingham,0,2,666,20022003
5/03/2003,Man United,Leeds,2,1,667,20022003
5/03/2003,Middlesboro,Newcastle,1,0,668,20022003
8/03/2003,Liverpool,Bolton,2,0,669,20022003
15/03/2003,Aston Villa,Man United,0,1,670,20022003
15/03/2003,Blackburn,Arsenal,2,0,671,20022003
15/03/2003,Charlton,Newcastle,0,2,672,20022003
15/03/2003,Everton,West Ham,0,0,673,20022003
15/03/2003,Fulham,Southampton,2,2,674,20022003
15/03/2003,Leeds,Middlesboro,2,3,675,20022003
15/03/2003,Sunderland,Bolton,0,2,676,20022003
16/03/2003,Man City,Birmingham,1,0,677,20022003
16/03/2003,Tottenham,Liverpool,2,3,678,20022003
16/03/2003,West Brom,Chelsea,0,2,679,20022003
22/03/2003,Birmingham,West Brom,1,0,680,20022003
22/03/2003,Chelsea,Man City,5,0,681,20022003
22/03/2003,Man United,Fulham,3,0,682,20022003
22/03/2003,Middlesboro,Charlton,1,1,683,20022003
22/03/2003,Newcastle,Blackburn,5,1,684,20022003
22/03/2003,Southampton,Aston Villa,2,2,685,20022003
22/03/2003,West Ham,Sunderland,2,0,686,20022003
23/03/2003,Arsenal,Everton,2,1,687,20022003
23/03/2003,Liverpool,Leeds,3,1,688,20022003
24/03/2003,Bolton,Tottenham,1,0,689,20022003
5/04/2003,Aston Villa,Arsenal,1,1,690,20022003
5/04/2003,Bolton,Man City,2,0,691,20022003
5/04/2003,Charlton,Leeds,1,6,692,20022003
5/04/2003,Man United,Liverpool,4,0,693,20022003
5/04/2003,Middlesboro,West Brom,3,0,694,20022003
5/04/2003,Southampton,West Ham,1,1,695,20022003
5/04/2003,Sunderland,Chelsea,1,2,696,20022003
5/04/2003,Tottenham,Birmingham,2,1,697,20022003
6/04/2003,Everton,Newcastle,2,1,698,20022003
7/04/2003,Fulham,Blackburn,0,4,699,20022003
12/04/2003,Birmingham,Sunderland,2,0,700,20022003
12/04/2003,Blackburn,Charlton,1,0,701,20022003
12/04/2003,Chelsea,Bolton,1,0,702,20022003
12/04/2003,Leeds,Tottenham,2,2,703,20022003
12/04/2003,Liverpool,Fulham,2,0,704,20022003
12/04/2003,Man City,Middlesboro,0,0,705,20022003
12/04/2003,Newcastle,Man United,2,6,706,20022003
12/04/2003,West Brom,Everton,1,2,707,20022003
12/04/2003,West Ham,Aston Villa,2,2,708,20022003
16/04/2003,Arsenal,Man United,2,2,709,20022003
18/04/2003,Tottenham,Man City,0,2,710,20022003
19/04/2003,Aston Villa,Chelsea,2,1,711,20022003
19/04/2003,Bolton,West Ham,1,0,712,20022003
19/04/2003,Charlton,Birmingham,0,2,713,20022003
19/04/2003,Everton,Liverpool,1,2,714,20022003
19/04/2003,Fulham,Newcastle,2,1,715,20022003
19/04/2003,Man United,Blackburn,3,1,716,20022003
19/04/2003,Middlesboro,Arsenal,0,2,717,20022003
19/04/2003,Southampton,Leeds,3,2,718,20022003
19/04/2003,Sunderland,West Brom,1,2,719,20022003
21/04/2003,Birmingham,Southampton,3,2,720,20022003
21/04/2003,Blackburn,Bolton,0,0,721,20022003
21/04/2003,Chelsea,Everton,4,1,722,20022003
21/04/2003,Liverpool,Charlton,2,1,723,20022003
21/04/2003,Man City,Sunderland,3,0,724,20022003
21/04/2003,Newcastle,Aston Villa,1,1,725,20022003
21/04/2003,West Brom,Tottenham,2,3,726,20022003
21/04/2003,West Ham,Middlesboro,1,0,727,20022003
22/04/2003,Leeds,Fulham,2,0,728,20022003
26/04/2003,Birmingham,Middlesboro,3,0,729,20022003
26/04/2003,Bolton,Arsenal,2,2,730,20022003
26/04/2003,Charlton,Southampton,2,1,731,20022003
26/04/2003,Chelsea,Fulham,1,1,732,20022003
26/04/2003,Everton,Aston Villa,2,1,733,20022003
26/04/2003,Leeds,Blackburn,2,3,734,20022003
26/04/2003,Sunderland,Newcastle,0,1,735,20022003
26/04/2003,West Brom,Liverpool,0,6,736,20022003
27/04/2003,Man City,West Ham,0,1,737,20022003
27/04/2003,Tottenham,Man United,0,2,738,20022003
3/05/2003,Aston Villa,Sunderland,1,0,739,20022003
3/05/2003,Blackburn,West Brom,1,1,740,20022003
3/05/2003,Fulham,Everton,2,0,741,20022003
3/05/2003,Liverpool,Man City,1,2,742,20022003
3/05/2003,Man United,Charlton,4,1,743,20022003
3/05/2003,Middlesboro,Tottenham,5,1,744,20022003
3/05/2003,Newcastle,Birmingham,1,0,745,20022003
3/05/2003,Southampton,Bolton,0,0,746,20022003
3/05/2003,West Ham,Chelsea,1,0,747,20022003
4/05/2003,Arsenal,Leeds,2,3,748,20022003
7/05/2003,Arsenal,Southampton,6,1,749,20022003
11/05/2003,Birmingham,West Ham,2,2,750,20022003
11/05/2003,Bolton,Middlesboro,2,1,751,20022003
11/05/2003,Charlton,Fulham,0,1,752,20022003
11/05/2003,Chelsea,Liverpool,2,1,753,20022003
11/05/2003,Everton,Man United,1,2,754,20022003
11/05/2003,Leeds,Aston Villa,3,1,755,20022003
11/05/2003,Man City,Southampton,0,1,756,20022003
11/05/2003,Sunderland,Arsenal,0,4,757,20022003
11/05/2003,Tottenham,Blackburn,0,4,758,20022003
11/05/2003,West Brom,Newcastle,2,2,759,20022003
16/08/2003,Arsenal,Everton,2,1,760,20032004
16/08/2003,Birmingham,Tottenham,1,0,761,20032004
16/08/2003,Blackburn,Wolves,5,1,762,20032004
16/08/2003,Fulham,Middlesbrough,3,2,763,20032004
16/08/2003,Leicester,Southampton,2,2,764,20032004
16/08/2003,Man United,Bolton,4,0,765,20032004
16/08/2003,Portsmouth,Aston Villa,2,1,766,20032004
17/08/2003,Charlton,Man City,0,3,767,20032004
17/08/2003,Leeds,Newcastle,2,2,768,20032004
17/08/2003,Liverpool,Chelsea,1,2,769,20032004
23/08/2003,Bolton,Blackburn,2,2,770,20032004
23/08/2003,Chelsea,Leicester,2,1,771,20032004
23/08/2003,Everton,Fulham,3,1,772,20032004
23/08/2003,Man City,Portsmouth,1,1,773,20032004
23/08/2003,Newcastle,Man United,1,2,774,20032004
23/08/2003,Southampton,Birmingham,0,0,775,20032004
23/08/2003,Tottenham,Leeds,2,1,776,20032004
23/08/2003,Wolves,Charlton,0,4,777,20032004
24/08/2003,Aston Villa,Liverpool,0,0,778,20032004
24/08/2003,Middlesbrough,Arsenal,0,4,779,20032004
25/08/2003,Blackburn,Man City,2,3,780,20032004
26/08/2003,Charlton,Everton,2,2,781,20032004
26/08/2003,Leeds,Southampton,0,0,782,20032004
26/08/2003,Leicester,Middlesbrough,0,0,783,20032004
26/08/2003,Portsmouth,Bolton,4,0,784,20032004
27/08/2003,Arsenal,Aston Villa,2,0,785,20032004
27/08/2003,Liverpool,Tottenham,0,0,786,20032004
27/08/2003,Man United,Wolves,1,0,787,20032004
30/08/2003,Aston Villa,Leicester,3,1,788,20032004
30/08/2003,Bolton,Charlton,0,0,789,20032004
30/08/2003,Chelsea,Blackburn,2,2,790,20032004
30/08/2003,Everton,Liverpool,0,3,791,20032004
30/08/2003,Middlesbrough,Leeds,2,3,792,20032004
30/08/2003,Newcastle,Birmingham,0,1,793,20032004
30/08/2003,Tottenham,Fulham,0,3,794,20032004
30/08/2003,Wolves,Portsmouth,0,0,795,20032004
31/08/2003,Man City,Arsenal,1,2,796,20032004
31/08/2003,Southampton,Man United,1,0,797,20032004
13/09/2003,Arsenal,Portsmouth,1,1,798,20032004
13/09/2003,Blackburn,Liverpool,1,3,799,20032004
13/09/2003,Bolton,Middlesbrough,2,0,800,20032004
13/09/2003,Charlton,Man United,0,2,801,20032004
13/09/2003,Chelsea,Tottenham,4,2,802,20032004
13/09/2003,Everton,Newcastle,2,2,803,20032004
13/09/2003,Southampton,Wolves,2,0,804,20032004
14/09/2003,Birmingham,Fulham,2,2,805,20032004
14/09/2003,Man City,Aston Villa,4,1,806,20032004
15/09/2003,Leicester,Leeds,4,0,807,20032004
20/09/2003,Aston Villa,Charlton,2,1,808,20032004
20/09/2003,Fulham,Man City,2,2,809,20032004
20/09/2003,Leeds,Birmingham,0,2,810,20032004
20/09/2003,Liverpool,Leicester,2,1,811,20032004
20/09/2003,Newcastle,Bolton,0,0,812,20032004
20/09/2003,Portsmouth,Blackburn,1,2,813,20032004
20/09/2003,Tottenham,Southampton,1,3,814,20032004
20/09/2003,Wolves,Chelsea,0,5,815,20032004
21/09/2003,Man United,Arsenal,0,0,816,20032004
21/09/2003,Middlesbrough,Everton,1,0,817,20032004
26/09/2003,Arsenal,Newcastle,3,2,818,20032004
27/09/2003,Birmingham,Portsmouth,2,0,819,20032004
27/09/2003,Bolton,Wolves,1,1,820,20032004
27/09/2003,Chelsea,Aston Villa,1,0,821,20032004
27/09/2003,Leicester,Man United,1,4,822,20032004
27/09/2003,Southampton,Middlesbrough,0,1,823,20032004
28/09/2003,Blackburn,Fulham,0,2,824,20032004
28/09/2003,Charlton,Liverpool,3,2,825,20032004
28/09/2003,Everton,Leeds,4,0,826,20032004
28/09/2003,Man City,Tottenham,0,0,827,20032004
4/10/2003,Fulham,Leicester,2,0,828,20032004
4/10/2003,Leeds,Blackburn,2,1,829,20032004
4/10/2003,Liverpool,Arsenal,1,2,830,20032004
4/10/2003,Man United,Birmingham,3,0,831,20032004
4/10/2003,Newcastle,Southampton,1,0,832,20032004
4/10/2003,Portsmouth,Charlton,1,2,833,20032004
4/10/2003,Tottenham,Everton,3,0,834,20032004
4/10/2003,Wolves,Man City,1,0,835,20032004
5/10/2003,Aston Villa,Bolton,1,1,836,20032004
5/10/2003,Middlesbrough,Chelsea,1,2,837,20032004
14/10/2003,Birmingham,Chelsea,0,0,838,20032004
18/10/2003,Arsenal,Chelsea,2,1,839,20032004
18/10/2003,Fulham,Wolves,0,0,840,20032004
18/10/2003,Leeds,Man United,0,1,841,20032004
18/10/2003,Man City,Bolton,6,2,842,20032004
18/10/2003,Middlesbrough,Newcastle,0,1,843,20032004
18/10/2003,Portsmouth,Liverpool,1,0,844,20032004
19/10/2003,Birmingham,Aston Villa,0,0,845,20032004
19/10/2003,Everton,Southampton,0,0,846,20032004
19/10/2003,Leicester,Tottenham,1,2,847,20032004
20/10/2003,Blackburn,Charlton,0,1,848,20032004
21/10/2003,Fulham,Newcastle,2,3,849,20032004
25/10/2003,Aston Villa,Everton,0,0,850,20032004
25/10/2003,Bolton,Birmingham,0,1,851,20032004
25/10/2003,Chelsea,Man City,1,0,852,20032004
25/10/2003,Liverpool,Leeds,3,1,853,20032004
25/10/2003,Man United,Fulham,1,3,854,20032004
25/10/2003,Newcastle,Portsmouth,3,0,855,20032004
25/10/2003,Southampton,Blackburn,2,0,856,20032004
25/10/2003,Wolves,Leicester,4,3,857,20032004
26/10/2003,Charlton,Arsenal,1,1,858,20032004
26/10/2003,Tottenham,Middlesbrough,0,0,859,20032004
1/11/2003,Everton,Chelsea,0,1,860,20032004
1/11/2003,Leeds,Arsenal,1,4,861,20032004
1/11/2003,Man United,Portsmouth,3,0,862,20032004
1/11/2003,Middlesbrough,Wolves,2,0,863,20032004
1/11/2003,Newcastle,Aston Villa,1,1,864,20032004
1/11/2003,Southampton,Man City,0,2,865,20032004
1/11/2003,Tottenham,Bolton,0,1,866,20032004
2/11/2003,Fulham,Liverpool,1,2,867,20032004
2/11/2003,Leicester,Blackburn,2,0,868,20032004
3/11/2003,Birmingham,Charlton,1,2,869,20032004
8/11/2003,Arsenal,Tottenham,2,1,870,20032004
8/11/2003,Aston Villa,Middlesbrough,0,2,871,20032004
8/11/2003,Bolton,Southampton,0,0,872,20032004
8/11/2003,Charlton,Fulham,3,1,873,20032004
8/11/2003,Portsmouth,Leeds,6,1,874,20032004
8/11/2003,Wolves,Birmingham,1,1,875,20032004
9/11/2003,Chelsea,Newcastle,5,0,876,20032004
9/11/2003,Liverpool,Man United,1,2,877,20032004
9/11/2003,Man City,Leicester,0,3,878,20032004
10/11/2003,Blackburn,Everton,2,1,879,20032004
22/11/2003,Birmingham,Arsenal,0,3,880,20032004
22/11/2003,Everton,Wolves,2,0,881,20032004
22/11/2003,Leeds,Bolton,0,2,882,20032004
22/11/2003,Leicester,Charlton,1,1,883,20032004
22/11/2003,Man United,Blackburn,2,1,884,20032004
22/11/2003,Middlesbrough,Liverpool,0,0,885,20032004
22/11/2003,Newcastle,Man City,3,0,886,20032004
22/11/2003,Southampton,Chelsea,0,1,887,20032004
23/11/2003,Tottenham,Aston Villa,2,1,888,20032004
24/11/2003,Fulham,Portsmouth,2,0,889,20032004
29/11/2003,Aston Villa,Southampton,1,0,890,20032004
29/11/2003,Blackburn,Tottenham,1,0,891,20032004
29/11/2003,Bolton,Everton,2,0,892,20032004
29/11/2003,Charlton,Leeds,0,1,893,20032004
29/11/2003,Portsmouth,Leicester,0,2,894,20032004
29/11/2003,Wolves,Newcastle,1,1,895,20032004
30/11/2003,Arsenal,Fulham,0,0,896,20032004
30/11/2003,Chelsea,Man United,1,0,897,20032004
30/11/2003,Liverpool,Birmingham,3,1,898,20032004
30/11/2003,Man City,Middlesbrough,0,1,899,20032004
6/12/2003,Birmingham,Blackburn,0,4,900,20032004
6/12/2003,Fulham,Bolton,2,1,901,20032004
6/12/2003,Leeds,Chelsea,1,1,902,20032004
6/12/2003,Leicester,Arsenal,1,1,903,20032004
6/12/2003,Man United,Aston Villa,4,0,904,20032004
6/12/2003,Middlesbrough,Portsmouth,0,0,905,20032004
6/12/2003,Newcastle,Liverpool,1,1,906,20032004
6/12/2003,Tottenham,Wolves,5,2,907,20032004
7/12/2003,Everton,Man City,0,0,908,20032004
7/12/2003,Southampton,Charlton,3,2,909,20032004
13/12/2003,Chelsea,Bolton,1,2,910,20032004
13/12/2003,Leicester,Birmingham,0,2,911,20032004
13/12/2003,Liverpool,Southampton,1,2,912,20032004
13/12/2003,Man United,Man City,3,1,913,20032004
13/12/2003,Middlesbrough,Charlton,0,0,914,20032004
13/12/2003,Newcastle,Tottenham,4,0,915,20032004
13/12/2003,Portsmouth,Everton,1,2,916,20032004
14/12/2003,Arsenal,Blackburn,1,0,917,20032004
14/12/2003,Aston Villa,Wolves,3,2,918,20032004
14/12/2003,Leeds,Fulham,3,2,919,20032004
20/12/2003,Blackburn,Aston Villa,0,2,920,20032004
20/12/2003,Bolton,Arsenal,1,1,921,20032004
20/12/2003,Charlton,Newcastle,0,0,922,20032004
20/12/2003,Everton,Leicester,3,2,923,20032004
20/12/2003,Fulham,Chelsea,0,1,924,20032004
21/12/2003,Southampton,Portsmouth,3,0,925,20032004
21/12/2003,Tottenham,Man United,1,2,926,20032004
22/12/2003,Man City,Leeds,1,1,927,20032004
26/12/2003,Arsenal,Wolves,3,0,928,20032004
26/12/2003,Birmingham,Man City,2,1,929,20032004
26/12/2003,Blackburn,Middlesbrough,2,2,930,20032004
26/12/2003,Charlton,Chelsea,4,2,931,20032004
26/12/2003,Fulham,Southampton,2,0,932,20032004
26/12/2003,Leeds,Aston Villa,0,0,933,20032004
26/12/2003,Leicester,Newcastle,1,1,934,20032004
26/12/2003,Liverpool,Bolton,3,1,935,20032004
26/12/2003,Man United,Everton,3,2,936,20032004
26/12/2003,Portsmouth,Tottenham,2,0,937,20032004
28/12/2003,Aston Villa,Fulham,3,0,938,20032004
28/12/2003,Bolton,Leicester,2,2,939,20032004
28/12/2003,Chelsea,Portsmouth,3,0,940,20032004
28/12/2003,Everton,Birmingham,1,0,941,20032004
28/12/2003,Man City,Liverpool,2,2,942,20032004
28/12/2003,Middlesbrough,Man United,0,1,943,20032004
28/12/2003,Newcastle,Blackburn,0,1,944,20032004
28/12/2003,Tottenham,Charlton,0,1,945,20032004
28/12/2003,Wolves,Leeds,3,1,946,20032004
29/12/2003,Southampton,Arsenal,0,1,947,20032004
6/01/2004,Aston Villa,Portsmouth,2,1,948,20032004
7/01/2004,Bolton,Man United,1,2,949,20032004
7/01/2004,Chelsea,Liverpool,0,1,950,20032004
7/01/2004,Everton,Arsenal,1,1,951,20032004
7/01/2004,Man City,Charlton,1,1,952,20032004
7/01/2004,Middlesbrough,Fulham,2,1,953,20032004
7/01/2004,Newcastle,Leeds,1,0,954,20032004
7/01/2004,Southampton,Leicester,0,0,955,20032004
7/01/2004,Tottenham,Birmingham,4,1,956,20032004
7/01/2004,Wolves,Blackburn,2,2,957,20032004
10/01/2004,Arsenal,Middlesbrough,4,1,958,20032004
10/01/2004,Birmingham,Southampton,2,1,959,20032004
10/01/2004,Blackburn,Bolton,3,4,960,20032004
10/01/2004,Charlton,Wolves,2,0,961,20032004
10/01/2004,Fulham,Everton,2,1,962,20032004
10/01/2004,Leeds,Tottenham,0,1,963,20032004
10/01/2004,Liverpool,Aston Villa,1,0,964,20032004
10/01/2004,Portsmouth,Man City,4,2,965,20032004
11/01/2004,Leicester,Chelsea,0,4,966,20032004
11/01/2004,Man United,Newcastle,0,0,967,20032004
17/01/2004,Bolton,Portsmouth,1,0,968,20032004
17/01/2004,Everton,Charlton,0,1,969,20032004
17/01/2004,Man City,Blackburn,1,1,970,20032004
17/01/2004,Middlesbrough,Leicester,3,3,971,20032004
17/01/2004,Southampton,Leeds,2,1,972,20032004
17/01/2004,Tottenham,Liverpool,2,1,973,20032004
17/01/2004,Wolves,Man United,1,0,974,20032004
18/01/2004,Aston Villa,Arsenal,0,2,975,20032004
18/01/2004,Chelsea,Birmingham,0,0,976,20032004
19/01/2004,Newcastle,Fulham,3,1,977,20032004
21/01/2004,Wolves,Liverpool,1,1,978,20032004
31/01/2004,Birmingham,Newcastle,1,1,979,20032004
31/01/2004,Charlton,Bolton,1,2,980,20032004
31/01/2004,Fulham,Tottenham,2,1,981,20032004
31/01/2004,Leeds,Middlesbrough,0,3,982,20032004
31/01/2004,Leicester,Aston Villa,0,5,983,20032004
31/01/2004,Liverpool,Everton,0,0,984,20032004
31/01/2004,Man United,Southampton,3,2,985,20032004
31/01/2004,Portsmouth,Wolves,0,0,986,20032004
1/02/2004,Arsenal,Man City,2,1,987,20032004
1/02/2004,Blackburn,Chelsea,2,3,988,20032004
7/02/2004,Aston Villa,Leeds,2,0,989,20032004
7/02/2004,Bolton,Liverpool,2,2,990,20032004
7/02/2004,Everton,Man United,3,4,991,20032004
7/02/2004,Middlesbrough,Blackburn,0,1,992,20032004
7/02/2004,Newcastle,Leicester,3,1,993,20032004
7/02/2004,Southampton,Fulham,0,0,994,20032004
7/02/2004,Tottenham,Portsmouth,4,3,995,20032004
7/02/2004,Wolves,Arsenal,1,3,996,20032004
8/02/2004,Chelsea,Charlton,1,0,997,20032004
8/02/2004,Man City,Birmingham,0,0,998,20032004
10/02/2004,Arsenal,Southampton,2,0,999,20032004
10/02/2004,Leeds,Wolves,4,1,1000,20032004
10/02/2004,Leicester,Bolton,1,1,1001,20032004
11/02/2004,Birmingham,Everton,3,0,1002,20032004
11/02/2004,Blackburn,Newcastle,1,1,1003,20032004
11/02/2004,Charlton,Tottenham,2,4,1004,20032004
11/02/2004,Fulham,Aston Villa,1,2,1005,20032004
11/02/2004,Liverpool,Man City,2,1,1006,20032004
11/02/2004,Man United,Middlesbrough,2,3,1007,20032004
11/02/2004,Portsmouth,Chelsea,0,2,1008,20032004
21/02/2004,Bolton,Man City,1,3,1009,20032004
21/02/2004,Charlton,Blackburn,3,2,1010,20032004
21/02/2004,Chelsea,Arsenal,1,2,1011,20032004
21/02/2004,Man United,Leeds,1,1,1012,20032004
21/02/2004,Newcastle,Middlesbrough,2,1,1013,20032004
21/02/2004,Southampton,Everton,3,3,1014,20032004
21/02/2004,Wolves,Fulham,2,1,1015,20032004
22/02/2004,Aston Villa,Birmingham,2,2,1016,20032004
22/02/2004,Tottenham,Leicester,4,4,1017,20032004
28/02/2004,Arsenal,Charlton,2,1,1018,20032004
28/02/2004,Blackburn,Southampton,1,1,1019,20032004
28/02/2004,Everton,Aston Villa,2,0,1020,20032004
28/02/2004,Fulham,Man United,1,1,1021,20032004
28/02/2004,Leicester,Wolves,0,0,1022,20032004
28/02/2004,Man City,Chelsea,0,1,1023,20032004
29/02/2004,Leeds,Liverpool,2,2,1024,20032004
29/02/2004,Portsmouth,Newcastle,1,1,1025,20032004
3/03/2004,Birmingham,Middlesbrough,3,1,1026,20032004
6/03/2004,Birmingham,Bolton,2,0,1027,20032004
9/03/2004,Middlesbrough,Tottenham,1,0,1028,20032004
13/03/2004,Birmingham,Leicester,0,1,1029,20032004
13/03/2004,Blackburn,Arsenal,0,2,1030,20032004
13/03/2004,Bolton,Chelsea,0,2,1031,20032004
13/03/2004,Charlton,Middlesbrough,1,0,1032,20032004
13/03/2004,Everton,Portsmouth,1,0,1033,20032004
13/03/2004,Fulham,Leeds,2,0,1034,20032004
14/03/2004,Man City,Man United,4,1,1035,20032004
14/03/2004,Southampton,Liverpool,2,0,1036,20032004
14/03/2004,Tottenham,Newcastle,1,0,1037,20032004
14/03/2004,Wolves,Aston Villa,0,4,1038,20032004
17/03/2004,Liverpool,Portsmouth,3,0,1039,20032004
20/03/2004,Arsenal,Bolton,2,1,1040,20032004
20/03/2004,Aston Villa,Blackburn,0,2,1041,20032004
20/03/2004,Chelsea,Fulham,2,1,1042,20032004
20/03/2004,Leicester,Everton,1,1,1043,20032004
20/03/2004,Liverpool,Wolves,1,0,1044,20032004
20/03/2004,Man United,Tottenham,3,0,1045,20032004
20/03/2004,Middlesbrough,Birmingham,5,3,1046,20032004
20/03/2004,Newcastle,Charlton,3,1,1047,20032004
21/03/2004,Portsmouth,Southampton,1,0,1048,20032004
22/03/2004,Leeds,Man City,2,1,1049,20032004
27/03/2004,Birmingham,Leeds,4,1,1050,20032004
27/03/2004,Blackburn,Portsmouth,1,2,1051,20032004
27/03/2004,Charlton,Aston Villa,1,2,1052,20032004
27/03/2004,Chelsea,Wolves,5,2,1053,20032004
27/03/2004,Everton,Middlesbrough,1,1,1054,20032004
27/03/2004,Man City,Fulham,0,0,1055,20032004
27/03/2004,Southampton,Tottenham,1,0,1056,20032004
28/03/2004,Arsenal,Man United,1,1,1057,20032004
28/03/2004,Bolton,Newcastle,1,0,1058,20032004
28/03/2004,Leicester,Liverpool,0,0,1059,20032004
3/04/2004,Fulham,Birmingham,0,0,1060,20032004
3/04/2004,Middlesbrough,Bolton,2,0,1061,20032004
3/04/2004,Newcastle,Everton,4,2,1062,20032004
3/04/2004,Tottenham,Chelsea,0,1,1063,20032004
3/04/2004,Wolves,Southampton,1,4,1064,20032004
4/04/2004,Aston Villa,Man City,1,1,1065,20032004
4/04/2004,Liverpool,Blackburn,4,0,1066,20032004
5/04/2004,Leeds,Leicester,3,2,1067,20032004
9/04/2004,Arsenal,Liverpool,4,2,1068,20032004
9/04/2004,Everton,Tottenham,3,1,1069,20032004
10/04/2004,Birmingham,Man United,1,2,1070,20032004
10/04/2004,Blackburn,Leeds,1,2,1071,20032004
10/04/2004,Bolton,Aston Villa,2,2,1072,20032004
10/04/2004,Charlton,Portsmouth,1,1,1073,20032004
10/04/2004,Chelsea,Middlesbrough,0,0,1074,20032004
10/04/2004,Leicester,Fulham,0,2,1075,20032004
10/04/2004,Man City,Wolves,3,3,1076,20032004
11/04/2004,Newcastle,Arsenal,0,0,1077,20032004
12/04/2004,Aston Villa,Chelsea,3,2,1078,20032004
12/04/2004,Fulham,Blackburn,3,4,1079,20032004
12/04/2004,Liverpool,Charlton,0,1,1080,20032004
12/04/2004,Middlesbrough,Southampton,3,1,1081,20032004
12/04/2004,Portsmouth,Birmingham,3,1,1082,20032004
12/04/2004,Tottenham,Man City,1,1,1083,20032004
12/04/2004,Wolves,Bolton,1,2,1084,20032004
13/04/2004,Leeds,Everton,1,1,1085,20032004
13/04/2004,Man United,Leicester,1,0,1086,20032004
16/04/2004,Arsenal,Leeds,5,0,1087,20032004
17/04/2004,Blackburn,Leicester,1,0,1088,20032004
17/04/2004,Bolton,Tottenham,2,0,1089,20032004
17/04/2004,Charlton,Birmingham,1,1,1090,20032004
17/04/2004,Chelsea,Everton,0,0,1091,20032004
17/04/2004,Liverpool,Fulham,0,0,1092,20032004
17/04/2004,Man City,Southampton,1,3,1093,20032004
17/04/2004,Portsmouth,Man United,1,0,1094,20032004
17/04/2004,Wolves,Middlesbrough,2,0,1095,20032004
18/04/2004,Aston Villa,Newcastle,0,0,1096,20032004
20/04/2004,Man United,Charlton,2,0,1097,20032004
24/04/2004,Everton,Blackburn,0,1,1098,20032004
24/04/2004,Fulham,Charlton,2,0,1099,20032004
24/04/2004,Leicester,Man City,1,1,1100,20032004
24/04/2004,Man United,Liverpool,0,1,1101,20032004
24/04/2004,Middlesbrough,Aston Villa,1,2,1102,20032004
24/04/2004,Southampton,Bolton,1,2,1103,20032004
25/04/2004,Birmingham,Wolves,2,2,1104,20032004
25/04/2004,Leeds,Portsmouth,1,2,1105,20032004
25/04/2004,Newcastle,Chelsea,2,1,1106,20032004
25/04/2004,Tottenham,Arsenal,2,2,1107,20032004
1/05/2004,Arsenal,Birmingham,0,0,1108,20032004
1/05/2004,Blackburn,Man United,1,0,1109,20032004
1/05/2004,Charlton,Leicester,2,2,1110,20032004
1/05/2004,Chelsea,Southampton,4,0,1111,20032004
1/05/2004,Man City,Newcastle,1,0,1112,20032004
1/05/2004,Portsmouth,Fulham,1,1,1113,20032004
1/05/2004,Wolves,Everton,2,1,1114,20032004
2/05/2004,Aston Villa,Tottenham,1,0,1115,20032004
2/05/2004,Bolton,Leeds,4,1,1116,20032004
2/05/2004,Liverpool,Middlesbrough,2,0,1117,20032004
4/05/2004,Portsmouth,Arsenal,1,1,1118,20032004
8/05/2004,Birmingham,Liverpool,0,3,1119,20032004
8/05/2004,Everton,Bolton,1,2,1120,20032004
8/05/2004,Leeds,Charlton,3,3,1121,20032004
8/05/2004,Leicester,Portsmouth,3,1,1122,20032004
8/05/2004,Man United,Chelsea,1,1,1123,20032004
8/05/2004,Middlesbrough,Man City,2,1,1124,20032004
8/05/2004,Southampton,Aston Villa,1,1,1125,20032004
8/05/2004,Tottenham,Blackburn,1,0,1126,20032004
9/05/2004,Fulham,Arsenal,0,1,1127,20032004
9/05/2004,Newcastle,Wolves,1,1,1128,20032004
12/05/2004,Southampton,Newcastle,3,3,1129,20032004
15/05/2004,Arsenal,Leicester,2,1,1130,20032004
15/05/2004,Aston Villa,Man United,0,2,1131,20032004
15/05/2004,Blackburn,Birmingham,1,1,1132,20032004
15/05/2004,Bolton,Fulham,0,2,1133,20032004
15/05/2004,Charlton,Southampton,2,1,1134,20032004
15/05/2004,Chelsea,Leeds,1,0,1135,20032004
15/05/2004,Liverpool,Newcastle,1,1,1136,20032004
15/05/2004,Man City,Everton,5,1,1137,20032004
15/05/2004,Portsmouth,Middlesbrough,5,1,1138,20032004
15/05/2004,Wolves,Tottenham,0,2,1139,20032004
14/08/2004,Aston Villa,Southampton,2,0,1140,20042005
14/08/2004,Blackburn,West Brom,1,1,1141,20042005
14/08/2004,Bolton,Charlton,4,1,1142,20042005
14/08/2004,Man City,Fulham,1,1,1143,20042005
14/08/2004,Middlesbrough,Newcastle,2,2,1144,20042005
14/08/2004,Norwich,Crystal Palace,1,1,1145,20042005
14/08/2004,Portsmouth,Birmingham,1,1,1146,20042005
14/08/2004,Tottenham,Liverpool,1,1,1147,20042005
15/08/2004,Chelsea,Man United,1,0,1148,20042005
15/08/2004,Everton,Arsenal,1,4,1149,20042005
21/08/2004,Birmingham,Chelsea,0,1,1150,20042005
21/08/2004,Charlton,Portsmouth,2,1,1151,20042005
21/08/2004,Crystal Palace,Everton,1,3,1152,20042005
21/08/2004,Fulham,Bolton,2,0,1153,20042005
21/08/2004,Liverpool,Man City,2,1,1154,20042005
21/08/2004,Man United,Norwich,2,1,1155,20042005
21/08/2004,Newcastle,Tottenham,0,1,1156,20042005
21/08/2004,Southampton,Blackburn,3,2,1157,20042005
22/08/2004,Arsenal,Middlesbrough,5,3,1158,20042005
22/08/2004,West Brom,Aston Villa,1,1,1159,20042005
24/08/2004,Birmingham,Man City,1,0,1160,20042005
24/08/2004,Crystal Palace,Chelsea,0,2,1161,20042005
25/08/2004,Arsenal,Blackburn,3,0,1162,20042005
25/08/2004,Charlton,Aston Villa,3,0,1163,20042005
25/08/2004,Fulham,Middlesbrough,0,2,1164,20042005
25/08/2004,Newcastle,Norwich,2,2,1165,20042005
25/08/2004,Southampton,Bolton,1,2,1166,20042005
25/08/2004,West Brom,Tottenham,1,1,1167,20042005
28/08/2004,Aston Villa,Newcastle,4,2,1168,20042005
28/08/2004,Blackburn,Man United,1,1,1169,20042005
28/08/2004,Chelsea,Southampton,2,1,1170,20042005
28/08/2004,Everton,West Brom,2,1,1171,20042005
28/08/2004,Man City,Charlton,4,0,1172,20042005
28/08/2004,Middlesbrough,Crystal Palace,2,1,1173,20042005
28/08/2004,Norwich,Arsenal,1,4,1174,20042005
28/08/2004,Tottenham,Birmingham,1,0,1175,20042005
29/08/2004,Bolton,Liverpool,1,0,1176,20042005
30/08/2004,Man United,Everton,0,0,1177,20042005
30/08/2004,Portsmouth,Fulham,4,3,1178,20042005
11/09/2004,Aston Villa,Chelsea,0,0,1179,20042005
11/09/2004,Bolton,Man United,2,2,1180,20042005
11/09/2004,Fulham,Arsenal,0,3,1181,20042005
11/09/2004,Liverpool,West Brom,3,0,1182,20042005
11/09/2004,Man City,Everton,0,1,1183,20042005
11/09/2004,Middlesbrough,Birmingham,2,1,1184,20042005
11/09/2004,Newcastle,Blackburn,3,0,1185,20042005
11/09/2004,Portsmouth,Crystal Palace,3,1,1186,20042005
12/09/2004,Tottenham,Norwich,0,0,1187,20042005
13/09/2004,Charlton,Southampton,0,0,1188,20042005
18/09/2004,Arsenal,Bolton,2,2,1189,20042005
18/09/2004,Birmingham,Charlton,1,1,1190,20042005
18/09/2004,Blackburn,Portsmouth,1,0,1191,20042005
18/09/2004,Crystal Palace,Man City,1,2,1192,20042005
18/09/2004,Norwich,Aston Villa,0,0,1193,20042005
18/09/2004,West Brom,Fulham,1,1,1194,20042005
19/09/2004,Chelsea,Tottenham,0,0,1195,20042005
19/09/2004,Everton,Middlesbrough,1,0,1196,20042005
19/09/2004,Southampton,Newcastle,1,2,1197,20042005
20/09/2004,Man United,Liverpool,2,1,1198,20042005
25/09/2004,Aston Villa,Crystal Palace,1,1,1199,20042005
25/09/2004,Bolton,Birmingham,1,1,1200,20042005
25/09/2004,Fulham,Southampton,1,0,1201,20042005
25/09/2004,Liverpool,Norwich,3,0,1202,20042005
25/09/2004,Man City,Arsenal,0,1,1203,20042005
25/09/2004,Middlesbrough,Chelsea,0,1,1204,20042005
25/09/2004,Newcastle,West Brom,3,1,1205,20042005
25/09/2004,Tottenham,Man United,0,1,1206,20042005
26/09/2004,Portsmouth,Everton,0,1,1207,20042005
27/09/2004,Charlton,Blackburn,1,0,1208,20042005
2/10/2004,Arsenal,Charlton,4,0,1209,20042005
2/10/2004,Blackburn,Aston Villa,2,2,1210,20042005
2/10/2004,Everton,Tottenham,0,1,1211,20042005
2/10/2004,Norwich,Portsmouth,2,2,1212,20042005
2/10/2004,Southampton,Man City,0,0,1213,20042005
2/10/2004,West Brom,Bolton,2,1,1214,20042005
3/10/2004,Birmingham,Newcastle,2,2,1215,20042005
3/10/2004,Chelsea,Liverpool,1,0,1216,20042005
3/10/2004,Man United,Middlesbrough,1,1,1217,20042005
4/10/2004,Crystal Palace,Fulham,2,0,1218,20042005
16/10/2004,Arsenal,Aston Villa,3,1,1219,20042005
16/10/2004,Birmingham,Man United,0,0,1220,20042005
16/10/2004,Blackburn,Middlesbrough,0,4,1221,20042005
16/10/2004,Bolton,Crystal Palace,1,0,1222,20042005
16/10/2004,Everton,Southampton,1,0,1223,20042005
16/10/2004,Fulham,Liverpool,2,4,1224,20042005
16/10/2004,Man City,Chelsea,1,0,1225,20042005
16/10/2004,West Brom,Norwich,0,0,1226,20042005
17/10/2004,Charlton,Newcastle,1,1,1227,20042005
18/10/2004,Portsmouth,Tottenham,1,0,1228,20042005
23/10/2004,Aston Villa,Fulham,2,0,1229,20042005
23/10/2004,Chelsea,Blackburn,4,0,1230,20042005
23/10/2004,Crystal Palace,West Brom,3,0,1231,20042005
23/10/2004,Liverpool,Charlton,2,0,1232,20042005
23/10/2004,Norwich,Everton,2,3,1233,20042005
23/10/2004,Tottenham,Bolton,1,2,1234,20042005
24/10/2004,Man United,Arsenal,2,0,1235,20042005
24/10/2004,Middlesbrough,Portsmouth,1,1,1236,20042005
24/10/2004,Newcastle,Man City,4,3,1237,20042005
24/10/2004,Southampton,Birmingham,0,0,1238,20042005
30/10/2004,Arsenal,Southampton,2,2,1239,20042005
30/10/2004,Birmingham,Crystal Palace,0,1,1240,20042005
30/10/2004,Blackburn,Liverpool,2,2,1241,20042005
30/10/2004,Charlton,Middlesbrough,1,2,1242,20042005
30/10/2004,Everton,Aston Villa,1,1,1243,20042005
30/10/2004,Fulham,Tottenham,2,0,1244,20042005
30/10/2004,Portsmouth,Man United,2,0,1245,20042005
30/10/2004,West Brom,Chelsea,1,4,1246,20042005
31/10/2004,Bolton,Newcastle,2,1,1247,20042005
1/11/2004,Man City,Norwich,1,1,1248,20042005
6/11/2004,Aston Villa,Portsmouth,3,0,1249,20042005
6/11/2004,Chelsea,Everton,1,0,1250,20042005
6/11/2004,Crystal Palace,Arsenal,1,1,1251,20042005
6/11/2004,Liverpool,Birmingham,0,1,1252,20042005
6/11/2004,Norwich,Blackburn,1,1,1253,20042005
6/11/2004,Southampton,West Brom,2,2,1254,20042005
6/11/2004,Tottenham,Charlton,2,3,1255,20042005
7/11/2004,Man United,Man City,0,0,1256,20042005
7/11/2004,Middlesbrough,Bolton,1,1,1257,20042005
7/11/2004,Newcastle,Fulham,1,4,1258,20042005
13/11/2004,Birmingham,Everton,0,1,1259,20042005
13/11/2004,Bolton,Aston Villa,1,2,1260,20042005
13/11/2004,Charlton,Norwich,4,0,1261,20042005
13/11/2004,Fulham,Chelsea,1,4,1262,20042005
13/11/2004,Liverpool,Crystal Palace,3,2,1263,20042005
13/11/2004,Man City,Blackburn,1,1,1264,20042005
13/11/2004,Southampton,Portsmouth,2,1,1265,20042005
13/11/2004,Tottenham,Arsenal,4,5,1266,20042005
14/11/2004,Newcastle,Man United,1,3,1267,20042005
14/11/2004,West Brom,Middlesbrough,1,2,1268,20042005
20/11/2004,Arsenal,West Brom,1,1,1269,20042005
20/11/2004,Chelsea,Bolton,2,2,1270,20042005
20/11/2004,Crystal Palace,Newcastle,0,2,1271,20042005
20/11/2004,Everton,Fulham,1,0,1272,20042005
20/11/2004,Man United,Charlton,2,0,1273,20042005
20/11/2004,Middlesbrough,Liverpool,2,0,1274,20042005
20/11/2004,Norwich,Southampton,2,1,1275,20042005
20/11/2004,Portsmouth,Man City,1,3,1276,20042005
21/11/2004,Blackburn,Birmingham,3,3,1277,20042005
22/11/2004,Aston Villa,Tottenham,1,0,1278,20042005
27/11/2004,Birmingham,Norwich,1,1,1279,20042005
27/11/2004,Bolton,Portsmouth,0,1,1280,20042005
27/11/2004,Charlton,Chelsea,0,4,1281,20042005
27/11/2004,Fulham,Blackburn,0,2,1282,20042005
27/11/2004,Man City,Aston Villa,2,0,1283,20042005
27/11/2004,Southampton,Crystal Palace,2,2,1284,20042005
27/11/2004,West Brom,Man United,0,3,1285,20042005
28/11/2004,Liverpool,Arsenal,2,1,1286,20042005
28/11/2004,Newcastle,Everton,1,1,1287,20042005
28/11/2004,Tottenham,Middlesbrough,2,0,1288,20042005
4/12/2004,Arsenal,Birmingham,3,0,1289,20042005
4/12/2004,Aston Villa,Liverpool,1,1,1290,20042005
4/12/2004,Blackburn,Tottenham,0,1,1291,20042005
4/12/2004,Chelsea,Newcastle,4,0,1292,20042005
4/12/2004,Everton,Bolton,3,2,1293,20042005
4/12/2004,Man United,Southampton,3,0,1294,20042005
4/12/2004,Norwich,Fulham,0,1,1295,20042005
4/12/2004,Portsmouth,West Brom,3,2,1296,20042005
5/12/2004,Crystal Palace,Charlton,0,1,1297,20042005
6/12/2004,Middlesbrough,Man City,3,2,1298,20042005
11/12/2004,Crystal Palace,Blackburn,0,0,1299,20042005
11/12/2004,Everton,Liverpool,1,0,1300,20042005
11/12/2004,Man City,Tottenham,0,1,1301,20042005
11/12/2004,Newcastle,Portsmouth,1,1,1302,20042005
11/12/2004,Norwich,Bolton,3,2,1303,20042005
11/12/2004,Southampton,Middlesbrough,2,2,1304,20042005
11/12/2004,West Brom,Charlton,0,1,1305,20042005
12/12/2004,Arsenal,Chelsea,2,2,1306,20042005
12/12/2004,Aston Villa,Birmingham,1,2,1307,20042005
13/12/2004,Fulham,Man United,1,1,1308,20042005
14/12/2004,Liverpool,Portsmouth,1,1,1309,20042005
18/12/2004,Birmingham,West Brom,4,0,1310,20042005
18/12/2004,Blackburn,Everton,0,0,1311,20042005
18/12/2004,Bolton,Man City,0,1,1312,20042005
18/12/2004,Chelsea,Norwich,4,0,1313,20042005
18/12/2004,Man United,Crystal Palace,5,2,1314,20042005
18/12/2004,Middlesbrough,Aston Villa,3,0,1315,20042005
18/12/2004,Tottenham,Southampton,5,1,1316,20042005
19/12/2004,Liverpool,Newcastle,3,1,1317,20042005
19/12/2004,Portsmouth,Arsenal,0,1,1318,20042005
20/12/2004,Charlton,Fulham,2,1,1319,20042005
26/12/2004,Arsenal,Fulham,2,0,1320,20042005
26/12/2004,Birmingham,Middlesbrough,2,0,1321,20042005
26/12/2004,Blackburn,Newcastle,2,2,1322,20042005
26/12/2004,Chelsea,Aston Villa,1,0,1323,20042005
26/12/2004,Crystal Palace,Portsmouth,0,1,1324,20042005
26/12/2004,Everton,Man City,2,1,1325,20042005
26/12/2004,Man United,Bolton,2,0,1326,20042005
26/12/2004,Norwich,Tottenham,0,2,1327,20042005
26/12/2004,Southampton,Charlton,0,0,1328,20042005
26/12/2004,West Brom,Liverpool,0,5,1329,20042005
28/12/2004,Aston Villa,Man United,0,1,1330,20042005
28/12/2004,Bolton,Blackburn,0,1,1331,20042005
28/12/2004,Charlton,Everton,2,0,1332,20042005
28/12/2004,Fulham,Birmingham,2,3,1333,20042005
28/12/2004,Liverpool,Southampton,1,0,1334,20042005
28/12/2004,Man City,West Brom,1,1,1335,20042005
28/12/2004,Middlesbrough,Norwich,2,0,1336,20042005
28/12/2004,Portsmouth,Chelsea,0,2,1337,20042005
28/12/2004,Tottenham,Crystal Palace,1,1,1338,20042005
29/12/2004,Newcastle,Arsenal,0,1,1339,20042005
1/01/2005,Aston Villa,Blackburn,1,0,1340,20042005
1/01/2005,Bolton,West Brom,1,1,1341,20042005
1/01/2005,Charlton,Arsenal,1,3,1342,20042005
1/01/2005,Fulham,Crystal Palace,3,1,1343,20042005
1/01/2005,Liverpool,Chelsea,0,1,1344,20042005
1/01/2005,Man City,Southampton,2,1,1345,20042005
1/01/2005,Middlesbrough,Man United,0,2,1346,20042005
1/01/2005,Newcastle,Birmingham,2,1,1347,20042005
1/01/2005,Portsmouth,Norwich,1,1,1348,20042005
1/01/2005,Tottenham,Everton,5,2,1349,20042005
3/01/2005,Blackburn,Charlton,1,0,1350,20042005
3/01/2005,Crystal Palace,Aston Villa,2,0,1351,20042005
3/01/2005,Norwich,Liverpool,1,2,1352,20042005
3/01/2005,West Brom,Newcastle,0,0,1353,20042005
4/01/2005,Arsenal,Man City,1,1,1354,20042005
4/01/2005,Birmingham,Bolton,1,2,1355,20042005
4/01/2005,Chelsea,Middlesbrough,2,0,1356,20042005
4/01/2005,Everton,Portsmouth,2,1,1357,20042005
4/01/2005,Man United,Tottenham,0,0,1358,20042005
5/01/2005,Southampton,Fulham,3,3,1359,20042005
15/01/2005,Aston Villa,Norwich,3,0,1360,20042005
15/01/2005,Bolton,Arsenal,1,0,1361,20042005
15/01/2005,Charlton,Birmingham,3,1,1362,20042005
15/01/2005,Liverpool,Man United,0,1,1363,20042005
15/01/2005,Man City,Crystal Palace,3,1,1364,20042005
15/01/2005,Newcastle,Southampton,2,1,1365,20042005
15/01/2005,Portsmouth,Blackburn,0,1,1366,20042005
15/01/2005,Tottenham,Chelsea,0,2,1367,20042005
16/01/2005,Fulham,West Brom,1,0,1368,20042005
16/01/2005,Middlesbrough,Everton,1,1,1369,20042005
22/01/2005,Birmingham,Fulham,1,2,1370,20042005
22/01/2005,Chelsea,Portsmouth,3,0,1371,20042005
22/01/2005,Crystal Palace,Tottenham,3,0,1372,20042005
22/01/2005,Everton,Charlton,0,1,1373,20042005
22/01/2005,Man United,Aston Villa,3,1,1374,20042005
22/01/2005,Norwich,Middlesbrough,4,4,1375,20042005
22/01/2005,Southampton,Liverpool,2,0,1376,20042005
22/01/2005,West Brom,Man City,2,0,1377,20042005
23/01/2005,Arsenal,Newcastle,1,0,1378,20042005
24/01/2005,Blackburn,Bolton,0,1,1379,20042005
1/02/2005,Arsenal,Man United,2,4,1380,20042005
1/02/2005,Bolton,Tottenham,3,1,1381,20042005
1/02/2005,Charlton,Liverpool,1,2,1382,20042005
1/02/2005,Portsmouth,Middlesbrough,2,1,1383,20042005
1/02/2005,West Brom,Crystal Palace,2,2,1384,20042005
2/02/2005,Birmingham,Southampton,2,1,1385,20042005
2/02/2005,Blackburn,Chelsea,0,1,1386,20042005
2/02/2005,Everton,Norwich,1,0,1387,20042005
2/02/2005,Fulham,Aston Villa,1,1,1388,20042005
2/02/2005,Man City,Newcastle,1,1,1389,20042005
5/02/2005,Aston Villa,Arsenal,1,3,1390,20042005
5/02/2005,Crystal Palace,Bolton,0,1,1391,20042005
5/02/2005,Liverpool,Fulham,3,1,1392,20042005
5/02/2005,Man United,Birmingham,2,0,1393,20042005
5/02/2005,Middlesbrough,Blackburn,1,0,1394,20042005
5/02/2005,Newcastle,Charlton,1,1,1395,20042005
5/02/2005,Norwich,West Brom,3,2,1396,20042005
5/02/2005,Tottenham,Portsmouth,3,1,1397,20042005
6/02/2005,Chelsea,Man City,0,0,1398,20042005
6/02/2005,Southampton,Everton,2,2,1399,20042005
12/02/2005,Birmingham,Liverpool,2,0,1400,20042005
12/02/2005,Blackburn,Norwich,3,0,1401,20042005
12/02/2005,Bolton,Middlesbrough,0,0,1402,20042005
12/02/2005,Everton,Chelsea,0,1,1403,20042005
12/02/2005,Portsmouth,Aston Villa,1,2,1404,20042005
13/02/2005,Man City,Man United,0,2,1405,20042005
14/02/2005,Arsenal,Crystal Palace,5,1,1406,20042005
22/02/2005,West Brom,Southampton,0,0,1407,20042005
26/02/2005,Aston Villa,Everton,1,3,1408,20042005
26/02/2005,Crystal Palace,Birmingham,2,0,1409,20042005
26/02/2005,Man United,Portsmouth,2,1,1410,20042005
26/02/2005,Southampton,Arsenal,1,1,1411,20042005
26/02/2005,Tottenham,Fulham,2,0,1412,20042005
27/02/2005,Middlesbrough,Charlton,2,2,1413,20042005
27/02/2005,Newcastle,Bolton,2,1,1414,20042005
28/02/2005,Norwich,Man City,2,3,1415,20042005
5/03/2005,Arsenal,Portsmouth,3,0,1416,20042005
5/03/2005,Aston Villa,Middlesbrough,2,0,1417,20042005
5/03/2005,Crystal Palace,Man United,0,0,1418,20042005
5/03/2005,Fulham,Charlton,0,0,1419,20042005
5/03/2005,Newcastle,Liverpool,1,0,1420,20042005
5/03/2005,Norwich,Chelsea,1,3,1421,20042005
5/03/2005,Southampton,Tottenham,1,0,1422,20042005
6/03/2005,Everton,Blackburn,0,1,1423,20042005
6/03/2005,West Brom,Birmingham,2,0,1424,20042005
7/03/2005,Man City,Bolton,0,1,1425,20042005
15/03/2005,Chelsea,West Brom,1,0,1426,20042005
16/03/2005,Charlton,Tottenham,2,0,1427,20042005
16/03/2005,Liverpool,Blackburn,0,0,1428,20042005
19/03/2005,Blackburn,Arsenal,0,1,1429,20042005
19/03/2005,Bolton,Norwich,1,0,1430,20042005
19/03/2005,Charlton,West Brom,1,4,1431,20042005
19/03/2005,Chelsea,Crystal Palace,4,1,1432,20042005
19/03/2005,Man United,Fulham,1,0,1433,20042005
19/03/2005,Portsmouth,Newcastle,1,1,1434,20042005
19/03/2005,Tottenham,Man City,2,1,1435,20042005
20/03/2005,Birmingham,Aston Villa,2,0,1436,20042005
20/03/2005,Liverpool,Everton,2,1,1437,20042005
20/03/2005,Middlesbrough,Southampton,1,3,1438,20042005
2/04/2005,Arsenal,Norwich,4,1,1439,20042005
2/04/2005,Birmingham,Tottenham,1,1,1440,20042005
2/04/2005,Charlton,Man City,2,2,1441,20042005
2/04/2005,Crystal Palace,Middlesbrough,0,1,1442,20042005
2/04/2005,Liverpool,Bolton,1,0,1443,20042005
2/04/2005,Man United,Blackburn,0,0,1444,20042005
2/04/2005,Newcastle,Aston Villa,0,3,1445,20042005
2/04/2005,Southampton,Chelsea,1,3,1446,20042005
3/04/2005,Fulham,Portsmouth,3,1,1447,20042005
3/04/2005,West Brom,Everton,1,0,1448,20042005
9/04/2005,Blackburn,Southampton,3,0,1449,20042005
9/04/2005,Bolton,Fulham,3,1,1450,20042005
9/04/2005,Chelsea,Birmingham,1,1,1451,20042005
9/04/2005,Man City,Liverpool,1,0,1452,20042005
9/04/2005,Middlesbrough,Arsenal,0,1,1453,20042005
9/04/2005,Norwich,Man United,2,0,1454,20042005
9/04/2005,Portsmouth,Charlton,4,2,1455,20042005
10/04/2005,Aston Villa,West Brom,1,1,1456,20042005
10/04/2005,Everton,Crystal Palace,4,0,1457,20042005
10/04/2005,Tottenham,Newcastle,1,0,1458,20042005
16/04/2005,Birmingham,Portsmouth,0,0,1459,20042005
16/04/2005,Charlton,Bolton,1,2,1460,20042005
16/04/2005,Crystal Palace,Norwich,3,3,1461,20042005
16/04/2005,Fulham,Man City,1,1,1462,20042005
16/04/2005,Liverpool,Tottenham,2,2,1463,20042005
16/04/2005,Southampton,Aston Villa,2,3,1464,20042005
19/04/2005,Bolton,Southampton,1,1,1465,20042005
19/04/2005,Middlesbrough,Fulham,1,1,1466,20042005
20/04/2005,Aston Villa,Charlton,0,0,1467,20042005
20/04/2005,Blackburn,Crystal Palace,1,0,1468,20042005
20/04/2005,Chelsea,Arsenal,0,0,1469,20042005
20/04/2005,Everton,Man United,1,0,1470,20042005
20/04/2005,Man City,Birmingham,3,0,1471,20042005
20/04/2005,Norwich,Newcastle,2,1,1472,20042005
20/04/2005,Portsmouth,Liverpool,1,2,1473,20042005
20/04/2005,Tottenham,West Brom,1,1,1474,20042005
23/04/2005,Aston Villa,Bolton,1,1,1475,20042005
23/04/2005,Blackburn,Man City,0,0,1476,20042005
23/04/2005,Chelsea,Fulham,3,1,1477,20042005
23/04/2005,Crystal Palace,Liverpool,1,0,1478,20042005
23/04/2005,Everton,Birmingham,1,1,1479,20042005
23/04/2005,Middlesbrough,West Brom,4,0,1480,20042005
23/04/2005,Norwich,Charlton,1,0,1481,20042005
24/04/2005,Man United,Newcastle,2,1,1482,20042005
24/04/2005,Portsmouth,Southampton,4,1,1483,20042005
25/04/2005,Arsenal,Tottenham,1,0,1484,20042005
26/04/2005,West Brom,Blackburn,1,1,1485,20042005
27/04/2005,Newcastle,Middlesbrough,0,0,1486,20042005
30/04/2005,Birmingham,Blackburn,2,1,1487,20042005
30/04/2005,Bolton,Chelsea,0,2,1488,20042005
30/04/2005,Fulham,Everton,2,0,1489,20042005
30/04/2005,Liverpool,Middlesbrough,1,1,1490,20042005
30/04/2005,Man City,Portsmouth,2,0,1491,20042005
30/04/2005,Newcastle,Crystal Palace,0,0,1492,20042005
30/04/2005,Southampton,Norwich,4,3,1493,20042005
1/05/2005,Charlton,Man United,0,4,1494,20042005
1/05/2005,Tottenham,Aston Villa,5,1,1495,20042005
2/05/2005,West Brom,Arsenal,0,2,1496,20042005
4/05/2005,Fulham,Newcastle,1,3,1497,20042005
7/05/2005,Aston Villa,Man City,1,2,1498,20042005
7/05/2005,Blackburn,Fulham,1,3,1499,20042005
7/05/2005,Chelsea,Charlton,1,0,1500,20042005
7/05/2005,Crystal Palace,Southampton,2,2,1501,20042005
7/05/2005,Everton,Newcastle,2,0,1502,20042005
7/05/2005,Man United,West Brom,1,1,1503,20042005
7/05/2005,Middlesbrough,Tottenham,1,0,1504,20042005
7/05/2005,Norwich,Birmingham,1,0,1505,20042005
7/05/2005,Portsmouth,Bolton,1,1,1506,20042005
8/05/2005,Arsenal,Liverpool,3,1,1507,20042005
10/05/2005,Man United,Chelsea,1,3,1508,20042005
11/05/2005,Arsenal,Everton,7,0,1509,20042005
15/05/2005,Birmingham,Arsenal,2,1,1510,20042005
15/05/2005,Bolton,Everton,3,2,1511,20042005
15/05/2005,Charlton,Crystal Palace,2,2,1512,20042005
15/05/2005,Fulham,Norwich,6,0,1513,20042005
15/05/2005,Liverpool,Aston Villa,2,1,1514,20042005
15/05/2005,Man City,Middlesbrough,1,1,1515,20042005
15/05/2005,Newcastle,Chelsea,1,1,1516,20042005
15/05/2005,Southampton,Man United,1,2,1517,20042005
15/05/2005,Tottenham,Blackburn,0,0,1518,20042005
15/05/2005,West Brom,Portsmouth,2,0,1519,20042005
