"Date","Season","Round","Venue","Player","Team","Opposition","Status","GA","Match_id","CP","UP","ED","DE","CM","MI5","One.Percenters","BO","CCL","SCL","SI","MG","TO","ITC","T5","TOG","K","HB","D","M","G","B","T","HO","I50","CL","CG","R50","FF","FA","AF","SC"
2018-08-03,2018,"Round 20","MCG","Kane Lambert","Richmond","Geelong","Home",2,9676,14,17,20,64.5,0,0,3,0,1,2,8,453,8,8,0,86,14,17,31,6,0,1,7,0,8,3,4,2,0,1,120,113
2018-08-03,2018,"Round 20","MCG","Dustin Martin","Richmond","Geelong","Home",2,9676,17,8,14,53.8,1,0,2,1,5,5,6,569,7,4,2,86,23,3,26,4,0,2,6,0,10,10,3,1,1,0,114,111
2018-08-03,2018,"Round 20","MCG","Trent Cotchin","Richmond","Geelong","Home",0,9676,11,7,11,57.9,0,0,4,0,2,2,3,342,2,2,1,77,16,3,19,3,1,0,9,0,1,4,1,0,0,0,105,102
2018-08-03,2018,"Round 20","MCG","Brandon Ellis","Richmond","Geelong","Home",0,9676,9,8,16,88.9,0,0,1,0,1,0,1,225,4,9,0,83,10,8,18,3,0,0,4,0,1,1,2,3,1,0,72,78
2018-08-03,2018,"Round 20","MCG","Toby Nankervis","Richmond","Geelong","Home",1,9676,8,6,7,38.9,0,0,2,0,1,3,6,319,6,2,1,81,15,3,18,3,1,1,3,33,3,4,5,1,1,2,107,96
2018-08-03,2018,"Round 20","MCG","Connor Menadue","Richmond","Geelong","Home",0,9676,9,10,12,66.7,0,0,1,0,0,1,1,295,6,11,0,72,11,7,18,2,0,0,2,0,1,1,3,0,0,1,58,59
2018-08-03,2018,"Round 20","MCG","Jack Higgins","Richmond","Geelong","Home",0,9676,13,5,8,44.4,1,0,3,0,0,4,5,280,1,3,0,63,11,7,18,2,1,2,2,0,3,4,3,1,2,1,68,74
2018-08-03,2018,"Round 20","MCG","Sam Lloyd","Richmond","Geelong","Home",2,9676,8,9,13,76.5,0,1,3,0,0,2,3,284,3,3,1,69,8,9,17,2,1,0,7,0,4,2,2,1,0,1,79,99
2018-08-03,2018,"Round 20","MCG","Shaun Grigg","Richmond","Geelong","Home",0,9676,4,9,11,73.3,0,0,0,0,0,2,5,282,3,4,0,84,11,4,15,4,0,0,4,6,4,2,1,4,1,1,73,75
2018-08-03,2018,"Round 20","MCG","Shane Edwards","Richmond","Geelong","Home",1,9676,13,4,11,73.3,0,0,2,0,3,2,4,363,1,3,1,76,8,7,15,3,0,0,5,0,1,5,2,1,1,1,65,92
2018-08-03,2018,"Round 20","MCG","Josh Caddy","Richmond","Geelong","Home",0,9676,7,9,9,60,0,1,1,0,0,3,4,261,0,3,4,86,11,4,15,5,0,2,9,1,4,3,2,0,1,1,93,77
2018-08-03,2018,"Round 20","MCG","Nick Vlastuin","Richmond","Geelong","Home",0,9676,4,9,8,57.1,0,0,0,1,0,0,2,310,3,6,0,88,11,3,14,4,0,0,2,0,2,0,3,7,2,2,55,52
2018-08-03,2018,"Round 20","MCG","Jayden Short","Richmond","Geelong","Home",1,9676,3,11,11,78.6,0,0,0,1,0,0,4,471,6,4,0,80,12,2,14,1,0,0,1,0,4,0,2,3,0,1,44,68
2018-08-03,2018,"Round 20","MCG","Liam Baker","Richmond","Geelong","Home",0,9676,2,12,6,42.9,0,1,0,0,0,0,6,241,2,0,1,77,7,7,14,3,0,2,2,0,5,0,2,0,1,2,49,32
2018-08-03,2018,"Round 20","MCG","Alex Rance","Richmond","Geelong","Home",0,9676,5,7,11,84.6,0,0,10,0,0,0,3,165,3,5,0,100,6,7,13,2,0,0,2,0,2,0,2,1,2,0,48,58
2018-08-03,2018,"Round 20","MCG","David Astbury","Richmond","Geelong","Home",0,9676,8,6,9,69.2,0,0,6,0,0,0,1,243,2,9,0,91,8,5,13,3,0,0,2,0,1,0,4,1,0,2,45,51
2018-08-03,2018,"Round 20","MCG","Kamdyn Mcintosh","Richmond","Geelong","Home",0,9676,7,6,11,84.6,0,0,4,0,0,0,3,348,2,7,1,67,10,3,13,2,1,0,5,0,3,0,2,1,1,0,69,77
2018-08-03,2018,"Round 20","MCG","Daniel Rioli","Richmond","Geelong","Home",0,9676,3,9,10,83.3,0,0,0,2,0,0,2,263,1,4,0,83,5,7,12,2,0,0,4,0,4,0,2,0,0,1,48,51
2018-08-03,2018,"Round 20","MCG","Jack Riewoldt","Richmond","Geelong","Home",1,9676,5,6,6,60,2,4,1,0,0,0,7,217,6,0,2,100,9,1,10,4,4,1,2,0,3,0,4,0,1,2,69,81
2018-08-03,2018,"Round 20","MCG","Dylan Grimes","Richmond","Geelong","Home",0,9676,2,7,9,100,1,0,7,0,0,0,0,248,2,5,0,89,6,3,9,6,0,0,5,0,2,0,2,2,0,1,59,64
2018-08-03,2018,"Round 20","MCG","Jason Castagna","Richmond","Geelong","Home",0,9676,4,4,2,25,0,1,1,0,0,1,2,236,6,3,2,87,7,1,8,1,2,0,5,1,0,1,5,1,0,1,56,41
2018-08-03,2018,"Round 20","MCG","Jacob Townsend","Richmond","Geelong","Home",0,9676,2,5,2,28.6,0,0,1,0,0,0,3,120,4,1,2,74,4,3,7,1,1,0,4,1,2,0,4,0,0,2,38,31
2018-08-03,2018,"Round 20","MCG","Patrick Dangerfield","Geelong","Richmond","Away",1,9676,21,19,25,64.1,1,0,3,0,2,6,10,405,8,4,1,87,16,23,39,4,0,0,5,0,4,8,4,2,2,0,128,132
2018-08-03,2018,"Round 20","MCG","Joel Selwood","Geelong","Richmond","Away",1,9676,22,18,26,70.3,0,0,9,0,5,4,9,652,4,5,0,81,18,19,37,5,0,0,4,0,4,9,2,7,3,1,123,159
2018-08-03,2018,"Round 20","MCG","Tim Kelly","Geelong","Richmond","Away",1,9676,16,20,19,52.8,0,1,2,0,0,4,7,669,12,4,0,89,19,17,36,3,1,1,3,0,3,4,7,5,2,0,121,112
2018-08-03,2018,"Round 20","MCG","Mitchell Duncan","Geelong","Richmond","Away",1,9676,15,20,21,63.6,0,0,1,0,1,5,10,482,8,8,0,90,18,15,33,4,0,1,1,0,5,6,5,4,1,1,99,110
2018-08-03,2018,"Round 20","MCG","Sam Menegola","Geelong","Richmond","Away",0,9676,20,12,21,72.4,0,0,3,0,0,3,7,455,5,6,1,72,15,14,29,4,2,1,3,0,3,3,3,2,2,0,112,144
2018-08-03,2018,"Round 20","MCG","Gary Jnr Ablett","Geelong","Richmond","Away",0,9676,11,14,17,70.8,0,0,1,0,1,3,8,390,3,1,0,72,13,11,24,1,0,2,4,0,4,4,4,2,0,2,76,85
2018-08-03,2018,"Round 20","MCG","Zach Tuohy","Geelong","Richmond","Away",0,9676,11,10,16,69.6,0,0,3,0,1,0,5,480,7,11,0,94,12,11,23,3,1,0,1,0,3,1,3,5,1,0,78,91
2018-08-03,2018,"Round 20","MCG","Cameron Guthrie","Geelong","Richmond","Away",0,9676,7,13,13,65,0,0,6,0,1,0,3,149,3,5,0,86,7,13,20,3,1,0,8,0,0,1,3,1,0,0,94,99
2018-08-03,2018,"Round 20","MCG","Scott Selwood","Geelong","Richmond","Away",0,9676,6,10,10,62.5,0,0,0,0,1,1,4,120,2,2,1,75,6,10,16,2,0,0,7,0,3,2,3,1,0,0,72,52
2018-08-03,2018,"Round 20","MCG","Jordan Cunico","Geelong","Richmond","Away",0,9676,4,11,11,68.8,0,0,1,0,0,0,2,253,6,4,0,76,8,8,16,3,0,0,1,0,2,0,3,3,0,0,53,41
2018-08-03,2018,"Round 20","MCG","Brandan Parfitt","Geelong","Richmond","Away",1,9676,7,11,12,75,0,0,0,0,0,3,4,209,3,1,0,78,6,10,16,0,0,0,5,0,1,3,2,1,3,1,58,63
2018-08-03,2018,"Round 20","MCG","Lachlan Henderson","Geelong","Richmond","Away",0,9676,3,11,10,66.7,0,0,8,0,0,0,3,314,5,5,0,95,9,6,15,1,0,0,1,0,0,0,1,8,0,0,46,65
2018-08-03,2018,"Round 20","MCG","Mark Blicavs","Geelong","Richmond","Away",0,9676,6,9,11,78.6,0,0,18,0,0,1,2,270,2,8,0,100,8,6,14,2,0,0,5,10,0,1,0,6,3,0,75,121
2018-08-03,2018,"Round 20","MCG","Tom Hawkins","Geelong","Richmond","Away",1,9676,6,5,8,61.5,1,1,4,0,0,0,8,242,4,1,1,93,8,5,13,4,1,1,1,0,5,0,3,0,2,2,53,59
2018-08-03,2018,"Round 20","MCG","Daniel Menzel","Geelong","Richmond","Away",0,9676,3,7,6,54.5,2,3,1,0,0,0,5,151,4,0,0,86,6,5,11,5,3,1,0,0,2,0,2,0,0,1,59,55
2018-08-03,2018,"Round 20","MCG","Jackson Thurlow","Geelong","Richmond","Away",1,9676,3,9,6,54.5,1,0,0,0,0,1,4,300,4,0,0,65,8,3,11,4,0,0,0,0,3,1,2,2,0,0,42,28
2018-08-03,2018,"Round 20","MCG","Lachlan Fogarty","Geelong","Richmond","Away",0,9676,6,8,9,81.8,0,0,2,0,0,1,2,132,4,2,1,72,4,7,11,2,0,0,3,0,1,1,2,0,2,1,43,44
2018-08-03,2018,"Round 20","MCG","Ryan Abbott","Geelong","Richmond","Away",0,9676,6,6,8,80,0,2,5,0,1,0,3,92,2,3,1,83,3,7,10,3,2,0,7,27,0,1,3,1,0,2,93,100
2018-08-03,2018,"Round 20","MCG","Jed Bews","Geelong","Richmond","Away",0,9676,5,4,5,55.6,0,0,2,0,0,1,0,69,3,3,0,80,3,6,9,0,0,0,2,0,0,1,5,2,1,1,27,22
2018-08-03,2018,"Round 20","MCG","Jack Henry","Geelong","Richmond","Away",1,9676,5,4,5,55.6,0,2,1,0,0,1,5,205,3,1,2,82,7,2,9,2,1,2,3,4,2,1,3,0,0,1,52,62
2018-08-03,2018,"Round 20","MCG","Jamaine Jones","Geelong","Richmond","Away",0,9676,3,4,5,71.4,0,0,0,0,0,0,3,63,2,1,1,67,3,4,7,2,0,0,4,0,0,0,2,0,1,1,37,29
2018-08-03,2018,"Round 20","MCG","Jake Kolodjashnij","Geelong","Richmond","Away",1,9676,2,2,3,60,0,0,5,0,0,0,1,79,2,4,0,77,3,2,5,1,0,0,5,0,1,0,1,1,0,1,33,41
2018-08-04,2018,"Round 20","MCG","Tom Mitchell","Hawthorn","Essendon","Home",2,9677,22,22,34,79.1,0,0,2,2,5,8,5,569,6,3,0,93,23,20,43,6,0,0,4,0,7,13,3,1,3,0,146,153
2018-08-04,2018,"Round 20","MCG","Jaeger O'Meara","Hawthorn","Essendon","Home",0,9677,15,16,23,76.7,1,0,2,1,5,2,6,407,6,1,0,88,12,18,30,1,0,0,5,0,3,7,4,2,0,0,95,99
2018-08-04,2018,"Round 20","MCG","Jack Gunston","Hawthorn","Essendon","Home",1,9677,9,14,17,70.8,0,3,4,0,0,1,9,502,5,1,0,95,20,4,24,8,5,3,1,0,7,1,1,0,1,1,127,138
2018-08-04,2018,"Round 20","MCG","Shaun Burgoyne","Hawthorn","Essendon","Home",1,9677,11,12,15,68.2,0,0,3,0,3,1,8,356,3,2,0,68,15,7,22,2,0,0,6,0,6,4,4,0,4,1,90,89
2018-08-04,2018,"Round 20","MCG","Harry Morrison","Hawthorn","Essendon","Home",2,9677,6,15,14,63.6,0,1,3,0,0,1,8,259,4,4,0,75,12,10,22,6,0,1,1,0,2,1,2,1,0,0,79,83
2018-08-04,2018,"Round 20","MCG","Liam Shiels","Hawthorn","Essendon","Home",0,9677,8,13,10,47.6,0,0,0,0,0,3,3,146,6,5,0,86,11,10,21,1,0,0,6,0,3,3,6,1,1,2,75,55
2018-08-04,2018,"Round 20","MCG","Ricky Henderson","Hawthorn","Essendon","Home",0,9677,6,14,17,81,0,1,1,0,0,0,6,483,4,1,1,78,15,6,21,8,2,1,3,0,3,0,4,0,1,1,104,90
2018-08-04,2018,"Round 20","MCG","Isaac Smith","Hawthorn","Essendon","Home",0,9677,9,12,13,61.9,0,0,0,1,0,1,7,252,2,3,0,84,13,8,21,6,2,0,0,0,1,1,2,3,0,1,82,81
2018-08-04,2018,"Round 20","MCG","Ryan Burton","Hawthorn","Essendon","Home",1,9677,6,12,14,66.7,0,0,4,0,0,1,6,414,7,6,0,81,15,6,21,7,0,0,1,0,3,1,2,4,0,0,82,72
2018-08-04,2018,"Round 20","MCG","Benjamin Stratton","Hawthorn","Essendon","Home",0,9677,6,13,16,84.2,2,0,8,0,0,1,4,239,1,11,0,93,14,5,19,11,0,0,2,0,1,1,0,5,0,0,93,106
2018-08-04,2018,"Round 20","MCG","Teia Miles","Hawthorn","Essendon","Home",0,9677,4,15,15,83.3,0,0,2,1,0,0,4,114,2,6,0,83,10,8,18,4,0,0,1,0,1,0,0,2,1,0,63,65
2018-08-04,2018,"Round 20","MCG","Blake Hardwick","Hawthorn","Essendon","Home",0,9677,8,9,11,68.8,0,0,4,0,0,1,4,94,4,9,0,82,7,9,16,2,0,0,0,0,0,1,4,2,1,0,46,52
2018-08-04,2018,"Round 20","MCG","James Worpel","Hawthorn","Essendon","Home",1,9677,8,8,11,68.8,0,0,1,0,2,0,5,239,3,2,0,65,12,4,16,3,1,0,5,0,4,2,2,0,0,1,76,92
2018-08-04,2018,"Round 20","MCG","Jarryd Roughead","Hawthorn","Essendon","Home",1,9677,6,9,12,80,1,2,0,0,0,3,7,119,0,1,2,81,9,6,15,4,1,1,4,12,0,3,1,1,0,0,86,83
2018-08-04,2018,"Round 20","MCG","James Frawley","Hawthorn","Essendon","Home",0,9677,6,9,13,86.7,2,0,4,0,0,0,3,302,4,8,0,95,11,4,15,7,0,0,0,0,1,0,3,3,0,2,56,71
2018-08-04,2018,"Round 20","MCG","Kaiden Brand","Hawthorn","Essendon","Home",0,9677,3,11,12,80,0,0,4,0,0,0,1,109,3,5,0,94,9,6,15,8,0,0,1,0,1,0,1,2,1,0,68,56
2018-08-04,2018,"Round 20","MCG","Luke Breust","Hawthorn","Essendon","Home",1,9677,4,10,10,71.4,1,2,0,0,0,0,9,244,2,0,1,85,10,4,14,6,3,1,3,0,4,0,2,0,1,0,88,79
2018-08-04,2018,"Round 20","MCG","Jarman Impey","Hawthorn","Essendon","Home",0,9677,3,9,9,69.2,0,0,2,2,0,0,3,294,2,5,0,70,12,1,13,5,0,1,0,0,3,0,0,2,0,0,54,46
2018-08-04,2018,"Round 20","MCG","Paul Puopolo","Hawthorn","Essendon","Home",0,9677,5,7,9,81.8,0,1,1,0,1,0,3,260,2,0,0,82,8,3,11,5,0,0,2,0,2,1,3,1,1,1,51,45
2018-08-04,2018,"Round 20","MCG","Jonathon Ceglar","Hawthorn","Essendon","Home",0,9677,7,3,6,60,2,1,2,0,1,0,1,62,1,2,0,81,4,6,10,4,1,0,2,33,1,1,1,0,0,1,80,78
2018-08-04,2018,"Round 20","MCG","Brendan Whitecross","Hawthorn","Essendon","Home",0,9677,3,5,5,55.6,1,0,1,0,0,0,2,115,1,0,0,69,6,3,9,3,1,0,1,0,4,0,2,0,1,0,44,31
2018-08-04,2018,"Round 20","MCG","Ryan Schoenmakers","Hawthorn","Essendon","Home",0,9677,5,2,5,62.5,1,0,2,0,0,0,3,69,0,1,3,72,5,3,8,1,0,2,4,0,1,0,0,0,1,0,43,51
2018-08-04,2018,"Round 20","MCG","Zachary Merrett","Essendon","Hawthorn","Away",1,9677,15,27,26,63.4,0,0,1,0,4,5,9,344,9,5,0,79,20,21,41,5,0,1,4,0,5,9,4,0,3,1,134,116
2018-08-04,2018,"Round 20","MCG","Dyson Heppell","Essendon","Hawthorn","Away",0,9677,9,16,21,84,0,0,2,0,2,3,4,264,5,2,0,84,11,14,25,5,0,0,6,0,4,5,6,2,0,3,91,77
2018-08-04,2018,"Round 20","MCG","Travis Colyer","Essendon","Hawthorn","Away",0,9677,4,17,15,65.2,0,0,1,1,0,2,3,475,4,2,0,75,17,6,23,8,1,0,3,0,4,2,3,1,0,0,105,83
2018-08-04,2018,"Round 20","MCG","Devon Smith","Essendon","Hawthorn","Away",0,9677,11,11,13,59.1,0,0,1,2,0,3,2,315,6,3,1,84,13,9,22,2,0,1,8,0,0,3,1,3,1,0,97,87
2018-08-04,2018,"Round 20","MCG","Darcy Parish","Essendon","Hawthorn","Away",1,9677,10,12,15,68.2,0,0,0,0,2,1,2,114,2,1,0,78,8,14,22,4,0,0,1,0,2,3,2,1,0,0,68,62
2018-08-04,2018,"Round 20","MCG","Cale Hooker","Essendon","Hawthorn","Away",0,9677,7,13,17,81,3,1,4,0,0,0,5,275,3,10,0,99,10,11,21,13,2,0,0,0,1,0,4,4,0,1,100,91
2018-08-04,2018,"Round 20","MCG","David Zaharakis","Essendon","Hawthorn","Away",0,9677,5,17,15,71.4,0,0,0,0,0,0,1,223,7,4,0,86,9,12,21,4,0,0,1,0,1,0,4,2,1,2,62,54
2018-08-04,2018,"Round 20","MCG","Orazio Fantasia","Essendon","Hawthorn","Away",2,9677,5,15,14,66.7,0,1,1,3,0,1,8,419,6,5,1,84,10,11,21,5,1,1,4,0,7,1,4,1,2,1,89,71
2018-08-04,2018,"Round 20","MCG","Michael Hurley","Essendon","Hawthorn","Away",1,9677,3,13,14,77.8,2,0,6,0,0,0,1,411,4,7,0,86,13,5,18,9,0,0,0,0,2,0,0,5,0,0,76,88
2018-08-04,2018,"Round 20","MCG","Conor McKenna","Essendon","Hawthorn","Away",0,9677,2,11,14,77.8,0,0,1,0,1,0,4,422,3,3,0,82,15,3,18,4,2,0,1,0,2,1,3,6,0,0,79,69
2018-08-04,2018,"Round 20","MCG","Brendon Goddard","Essendon","Hawthorn","Away",0,9677,8,9,13,76.5,1,0,1,0,2,1,4,104,1,4,0,93,10,7,17,4,0,0,1,0,1,3,2,4,0,0,60,57
2018-08-04,2018,"Round 20","MCG","Adam Saad","Essendon","Hawthorn","Away",0,9677,2,14,16,94.1,0,0,4,4,0,0,3,388,2,3,0,89,11,6,17,1,0,0,3,0,1,0,4,7,0,3,51,74
2018-08-04,2018,"Round 20","MCG","Mitchell Brown","Essendon","Hawthorn","Away",0,9677,5,11,13,81.2,0,2,1,0,0,0,5,250,5,2,2,100,10,6,16,6,1,0,3,0,2,0,2,1,0,0,78,75
2018-08-04,2018,"Round 20","MCG","David Myers","Essendon","Hawthorn","Away",0,9677,6,9,9,60,0,0,2,0,2,1,3,235,5,1,0,67,9,6,15,2,0,0,6,0,3,3,2,0,0,0,69,58
2018-08-04,2018,"Round 20","MCG","Jake Stringer","Essendon","Hawthorn","Away",3,9677,7,7,8,57.1,1,3,4,0,1,1,11,302,2,0,0,83,9,5,14,5,3,1,0,0,3,2,2,0,0,1,68,78
2018-08-04,2018,"Round 20","MCG","Anthony M-Tipungwuti","Essendon","Hawthorn","Away",2,9677,7,8,12,85.7,0,1,2,0,1,1,9,251,2,3,1,72,9,5,14,4,1,0,6,0,4,2,3,0,0,3,70,80
2018-08-04,2018,"Round 20","MCG","Ben McNiece","Essendon","Hawthorn","Away",0,9677,2,11,10,76.9,0,0,7,0,1,0,4,176,1,4,0,81,7,6,13,5,0,0,0,0,2,1,2,1,0,1,45,46
2018-08-04,2018,"Round 20","MCG","Mark Baguley","Essendon","Hawthorn","Away",1,9677,2,10,9,75,0,0,1,0,0,0,6,134,2,1,1,79,8,4,12,3,3,1,2,0,2,0,1,0,1,0,69,63
2018-08-04,2018,"Round 20","MCG","Kyle Langford","Essendon","Hawthorn","Away",0,9677,3,7,9,90,2,0,1,0,0,0,1,237,2,1,0,63,7,3,10,5,0,0,6,1,1,0,0,0,0,0,67,64
2018-08-04,2018,"Round 20","MCG","Andrew McGrath","Essendon","Hawthorn","Away",0,9677,6,5,10,100,0,0,0,0,0,0,2,126,1,2,0,81,8,2,10,3,1,0,1,0,0,0,0,1,1,0,48,57
2018-08-04,2018,"Round 20","MCG","Tom Bellchambers","Essendon","Hawthorn","Away",0,9677,7,1,4,57.1,2,1,7,0,1,2,3,88,2,0,0,84,5,2,7,3,1,0,3,40,1,3,2,0,1,0,87,90
2018-08-04,2018,"Round 20","MCG","Aaron Francis","Essendon","Hawthorn","Away",0,9677,5,5,5,71.4,1,0,4,0,0,0,0,94,2,6,0,71,5,2,7,5,0,0,1,0,1,0,3,2,1,1,36,42
2018-08-04,2018,"Round 20","Gabba","Dayne Zorko","Brisbane","North Melbourne","Home",1,9678,15,17,24,68.6,0,0,2,0,4,5,6,525,5,2,3,77,24,11,35,4,2,0,10,0,5,9,6,1,2,2,154,142
2018-08-04,2018,"Round 20","Gabba","Dayne Beams","Brisbane","North Melbourne","Home",0,9678,10,17,21,72.4,0,0,0,0,6,3,2,299,8,2,0,90,16,13,29,4,0,1,1,0,3,9,1,1,1,0,92,85
2018-08-04,2018,"Round 20","Gabba","Jarrod Berry","Brisbane","North Melbourne","Home",1,9678,11,16,24,85.7,0,0,1,0,1,3,8,299,4,4,0,79,11,17,28,5,0,0,6,0,4,4,3,3,1,1,104,106
2018-08-04,2018,"Round 20","Gabba","Hugh McCluggage","Brisbane","North Melbourne","Home",2,9678,11,15,18,69.2,1,1,2,0,0,2,8,508,6,6,1,83,15,11,26,7,3,0,5,0,5,2,3,4,0,1,123,140
2018-08-04,2018,"Round 20","Gabba","Mitch Robinson","Brisbane","North Melbourne","Home",0,9678,7,16,17,73.9,2,2,1,0,2,1,7,374,4,1,2,80,15,8,23,9,2,2,4,0,5,3,3,1,0,1,115,120
2018-08-04,2018,"Round 20","Gabba","Joshua Walker","Brisbane","North Melbourne","Home",0,9678,7,17,20,87,2,0,12,0,0,1,1,105,2,10,0,93,15,8,23,13,0,0,0,0,1,1,3,1,1,3,92,123
2018-08-04,2018,"Round 20","Gabba","Alex Witherden","Brisbane","North Melbourne","Home",1,9678,0,21,16,72.7,0,1,2,0,0,0,4,305,2,1,0,83,17,5,22,9,0,0,1,0,3,0,1,2,0,1,89,78
2018-08-04,2018,"Round 20","Gabba","Luke Hodge","Brisbane","North Melbourne","Home",0,9678,7,14,17,89.5,1,0,2,1,0,0,2,291,5,6,0,88,12,7,19,8,0,0,5,0,3,0,4,3,1,2,89,89
2018-08-04,2018,"Round 20","Gabba","Allen Christensen","Brisbane","North Melbourne","Home",2,9678,5,13,15,83.3,0,0,0,0,0,1,6,268,3,1,1,73,12,6,18,3,1,1,4,0,3,1,2,2,0,0,80,82
2018-08-04,2018,"Round 20","Gabba","Nicholas Robertson","Brisbane","North Melbourne","Home",1,9678,5,13,14,77.8,0,0,3,0,1,0,4,272,3,3,0,78,8,10,18,6,0,0,1,0,5,1,4,1,1,1,64,50
2018-08-04,2018,"Round 20","Gabba","Rhys Mathieson","Brisbane","North Melbourne","Home",2,9678,10,5,13,86.7,0,1,1,0,3,4,7,87,2,3,1,72,7,8,15,1,2,0,2,0,2,7,2,0,3,0,63,87
2018-08-04,2018,"Round 20","Gabba","Darcy Gardiner","Brisbane","North Melbourne","Home",0,9678,4,11,13,92.9,0,0,5,0,0,0,2,201,2,4,0,83,10,4,14,8,0,0,1,0,0,0,2,2,1,1,64,81
2018-08-04,2018,"Round 20","Gabba","Harris Andrews","Brisbane","North Melbourne","Home",0,9678,2,13,12,85.7,0,0,9,0,0,0,2,205,2,3,0,97,13,1,14,10,0,0,3,0,2,0,4,2,0,3,74,61
2018-08-04,2018,"Round 20","Gabba","Cameron Rayner","Brisbane","North Melbourne","Home",1,9678,4,9,12,85.7,0,2,0,0,0,1,4,262,3,0,1,80,8,6,14,6,2,1,1,0,2,1,1,3,2,0,73,88
2018-08-04,2018,"Round 20","Gabba","Stefan Martin","Brisbane","North Melbourne","Home",1,9678,3,8,9,75,0,0,1,0,1,3,3,193,2,1,0,78,8,4,12,2,0,0,1,24,4,4,0,0,1,0,67,72
2018-08-04,2018,"Round 20","Gabba","Daniel Rich","Brisbane","North Melbourne","Home",1,9678,4,7,7,63.6,0,0,2,0,1,0,4,166,4,3,0,78,6,5,11,2,0,0,1,0,3,1,1,0,1,0,39,45
2018-08-04,2018,"Round 20","Gabba","Ryan Bastinac","Brisbane","North Melbourne","Home",0,9678,2,10,8,72.7,0,3,2,0,1,0,1,225,4,2,2,83,8,3,11,6,0,0,3,0,2,1,2,0,0,0,60,43
2018-08-04,2018,"Round 20","Gabba","Lewis Taylor","Brisbane","North Melbourne","Home",0,9678,2,9,7,70,0,1,2,0,0,1,3,112,3,2,0,81,3,7,10,1,1,0,2,0,1,1,1,1,0,0,40,40
2018-08-04,2018,"Round 20","Gabba","Oscar McInerney","Brisbane","North Melbourne","Home",0,9678,9,3,5,50,2,1,2,0,1,1,5,202,3,2,0,76,7,3,10,3,2,1,1,17,1,2,1,1,1,0,71,82
2018-08-04,2018,"Round 20","Gabba","Brandon Starcevich","Brisbane","North Melbourne","Home",0,9678,5,4,6,66.7,0,0,1,0,0,0,4,187,1,2,3,77,5,4,9,0,0,1,5,0,4,0,2,0,1,1,42,55
2018-08-04,2018,"Round 20","Gabba","Daniel McStay","Brisbane","North Melbourne","Home",1,9678,4,3,6,85.7,2,3,0,0,0,0,3,39,1,1,3,83,3,4,7,4,0,1,3,0,0,0,1,0,0,1,39,47
2018-08-04,2018,"Round 20","Gabba","Eric Hipwood","Brisbane","North Melbourne","Home",0,9678,3,3,4,57.1,1,1,1,0,0,0,3,172,5,3,1,86,5,2,7,3,1,0,2,0,3,0,4,0,1,2,37,33
2018-08-04,2018,"Round 20","Gabba","Trent Dumont","North Melbourne","Brisbane","Away",2,9678,16,13,22,75.9,0,0,1,0,2,4,8,455,4,5,1,84,14,15,29,3,0,1,5,0,1,6,1,6,1,1,100,132
2018-08-04,2018,"Round 20","Gabba","Jack Ziebell","North Melbourne","Brisbane","Away",1,9678,10,15,16,61.5,0,2,0,0,1,2,10,527,4,2,0,87,20,6,26,7,3,2,2,0,4,3,4,4,2,1,120,109
2018-08-04,2018,"Round 20","Gabba","Jed Anderson","North Melbourne","Brisbane","Away",0,9678,15,11,17,68,1,0,2,0,2,4,6,315,5,2,0,77,15,10,25,4,0,0,5,0,3,6,6,2,1,3,89,89
2018-08-04,2018,"Round 20","Gabba","Ben Cunnington","North Melbourne","Brisbane","Away",0,9678,13,11,14,63.6,1,1,2,0,3,2,6,259,4,3,1,78,8,14,22,2,1,0,1,0,4,5,2,1,1,1,66,95
2018-08-04,2018,"Round 20","Gabba","Ryan Clarke","North Melbourne","Brisbane","Away",0,9678,8,14,13,61.9,0,0,2,0,0,1,2,299,4,5,0,85,9,12,21,3,0,0,1,0,3,1,3,2,0,0,64,61
2018-08-04,2018,"Round 20","Gabba","Jy Simpkin","North Melbourne","Brisbane","Away",2,9678,10,10,15,75,1,0,0,0,1,1,9,203,2,3,2,75,8,12,20,3,1,0,4,0,4,2,3,0,2,1,78,87
2018-08-04,2018,"Round 20","Gabba","Samuel Wright","North Melbourne","Brisbane","Away",0,9678,6,12,12,63.2,0,0,0,0,0,1,2,349,6,9,0,83,11,8,19,5,0,0,2,0,2,1,3,3,1,1,70,60
2018-08-04,2018,"Round 20","Gabba","Jamie MacMillan","North Melbourne","Brisbane","Away",0,9678,6,12,15,88.2,2,0,1,0,0,0,5,303,4,6,1,86,12,5,17,5,0,0,1,0,3,0,3,2,2,1,64,71
2018-08-04,2018,"Round 20","Gabba","Kayne Turner","North Melbourne","Brisbane","Away",2,9678,8,10,13,76.5,1,0,3,0,1,0,8,245,1,3,1,79,8,9,17,2,2,1,4,0,3,1,0,0,3,0,80,95
2018-08-04,2018,"Round 20","Gabba","Paul Ahern","North Melbourne","Brisbane","Away",0,9678,5,11,9,56.2,0,0,0,0,0,2,3,267,5,0,0,69,8,8,16,0,0,0,2,0,3,2,5,0,0,3,39,40
2018-08-04,2018,"Round 20","Gabba","Majak Daw","North Melbourne","Brisbane","Away",0,9678,10,6,13,86.7,3,0,8,0,0,1,3,145,2,10,0,88,10,5,15,6,0,0,2,3,2,1,1,4,2,0,71,92
2018-08-04,2018,"Round 20","Gabba","Nathan Hrovat","North Melbourne","Brisbane","Away",0,9678,9,6,9,60,0,0,0,0,0,0,3,161,3,4,1,73,8,7,15,3,1,0,3,0,3,0,1,0,1,0,66,67
2018-08-04,2018,"Round 20","Gabba","Shaun Atley","North Melbourne","Brisbane","Away",0,9678,4,10,13,92.9,0,0,0,0,1,1,6,167,1,0,1,86,5,9,14,2,2,0,2,0,2,2,0,1,0,0,59,69
2018-08-04,2018,"Round 20","Gabba","Marley Williams","North Melbourne","Brisbane","Away",0,9678,5,8,12,92.3,0,0,2,0,0,0,2,225,2,7,0,84,7,6,13,2,0,0,5,0,2,0,0,4,0,0,59,86
2018-08-04,2018,"Round 20","Gabba","Robbie Tarrant","North Melbourne","Brisbane","Away",0,9678,1,11,9,75,0,0,4,0,0,0,5,232,3,5,0,91,10,2,12,7,0,1,0,0,1,0,2,2,0,0,56,57
2018-08-04,2018,"Round 20","Gabba","Ben Brown","North Melbourne","Brisbane","Away",2,9678,6,4,10,83.3,0,0,0,0,0,0,3,253,3,3,0,89,9,3,12,2,1,0,2,0,4,0,2,1,3,0,56,62
2018-08-04,2018,"Round 20","Gabba","Will Walker","North Melbourne","Brisbane","Away",0,9678,2,8,7,63.6,0,1,0,1,0,2,5,152,2,0,0,60,7,4,11,4,2,2,1,0,1,2,4,0,0,1,56,32
2018-08-04,2018,"Round 20","Gabba","Jarrad Waite","North Melbourne","Brisbane","Away",2,9678,3,6,6,66.7,0,2,0,0,0,0,6,67,1,2,0,83,4,5,9,3,2,1,0,0,0,0,3,0,0,2,38,45
2018-08-04,2018,"Round 20","Gabba","Mason Wood","North Melbourne","Brisbane","Away",0,9678,5,4,4,44.4,0,0,2,0,0,0,3,77,3,1,0,86,4,5,9,2,1,1,3,0,1,0,3,0,0,0,47,46
2018-08-04,2018,"Round 20","Gabba","Todd Goldstein","North Melbourne","Brisbane","Away",1,9678,1,7,6,75,0,0,2,0,0,0,3,91,1,2,0,88,3,5,8,2,0,0,2,32,2,0,2,2,0,2,59,61
2018-08-04,2018,"Round 20","Gabba","Luke McDonald","North Melbourne","Brisbane","Away",0,9678,2,6,5,71.4,0,0,3,0,0,1,1,163,2,0,0,81,6,1,7,2,0,0,3,0,0,1,1,2,1,0,39,44
2018-08-04,2018,"Round 20","Gabba","Scott Thompson","North Melbourne","Brisbane","Away",0,9678,2,4,6,100,0,0,7,0,0,0,1,83,0,2,0,90,2,4,6,1,0,0,2,0,0,0,1,2,0,1,22,49
2018-08-04,2018,"Round 20","Adelaide Oval","Matt Crouch","Adelaide","Port Adelaide","Home",1,9679,18,17,22,62.9,0,2,2,0,2,5,4,498,8,6,2,79,16,19,35,3,1,0,8,0,7,7,6,1,1,0,134,127
2018-08-04,2018,"Round 20","Adelaide Oval","Bryce Gibbs","Adelaide","Port Adelaide","Home",3,9679,9,19,22,75.9,1,0,2,2,3,1,9,658,7,3,1,82,22,7,29,5,0,1,1,0,9,4,1,4,1,0,101,118
2018-08-04,2018,"Round 20","Adelaide Oval","Rory Atkins","Adelaide","Port Adelaide","Home",1,9679,8,22,20,69,0,2,2,1,0,2,8,676,8,5,0,84,23,6,29,11,0,1,5,0,9,2,4,3,1,1,133,111
2018-08-04,2018,"Round 20","Adelaide Oval","Rory Sloane","Adelaide","Port Adelaide","Home",1,9679,10,16,19,73.1,1,1,2,0,0,1,9,311,3,4,1,87,14,12,26,6,2,1,3,0,4,1,3,1,0,1,106,111
2018-08-04,2018,"Round 20","Adelaide Oval","Wayne Milera","Adelaide","Port Adelaide","Home",0,9679,9,13,17,77.3,0,0,3,0,0,1,2,429,7,8,0,83,14,8,22,4,0,0,4,0,3,1,5,6,0,1,83,91
2018-08-04,2018,"Round 20","Adelaide Oval","Tom Doedee","Adelaide","Port Adelaide","Home",0,9679,11,9,20,95.2,2,0,2,0,0,1,4,321,1,14,0,90,10,11,21,9,1,0,2,0,3,1,2,5,0,0,93,112
2018-08-04,2018,"Round 20","Adelaide Oval","Tom Lynch","Adelaide","Port Adelaide","Home",0,9679,6,13,13,68.4,0,0,0,0,1,0,7,178,5,2,1,88,9,10,19,3,1,0,3,0,3,1,3,0,1,1,72,68
2018-08-04,2018,"Round 20","Adelaide Oval","Luke Brown","Adelaide","Port Adelaide","Home",0,9679,6,11,17,89.5,1,0,0,0,0,0,1,290,2,9,0,88,13,6,19,8,0,0,0,0,1,0,2,4,1,1,73,82
2018-08-04,2018,"Round 20","Adelaide Oval","Cameron E-Yolmen","Adelaide","Port Adelaide","Home",0,9679,8,10,16,84.2,0,1,2,0,0,5,5,355,3,1,0,69,11,8,19,5,0,2,7,0,3,5,0,0,0,0,94,95
2018-08-04,2018,"Round 20","Adelaide Oval","Josh Jenkins","Adelaide","Port Adelaide","Home",1,9679,9,7,10,55.6,2,2,4,0,1,1,8,287,4,1,6,85,14,4,18,8,3,0,7,6,6,2,1,1,1,1,124,114
2018-08-04,2018,"Round 20","Adelaide Oval","Alex Keath","Adelaide","Port Adelaide","Home",0,9679,10,10,17,94.4,1,0,2,0,0,0,3,201,2,11,1,94,6,12,18,3,0,0,2,0,1,0,1,0,1,0,60,85
2018-08-04,2018,"Round 20","Adelaide Oval","Rory Laird","Adelaide","Port Adelaide","Home",0,9679,8,9,12,66.7,2,0,4,0,0,1,2,339,5,7,0,83,10,8,18,3,0,0,3,0,4,1,2,1,0,0,67,76
2018-08-04,2018,"Round 20","Adelaide Oval","Hugh Greenwood","Adelaide","Port Adelaide","Home",0,9679,11,7,13,76.5,3,1,2,0,2,4,2,251,4,1,2,73,11,6,17,4,1,0,6,0,2,6,2,1,3,0,90,92
2018-08-04,2018,"Round 20","Adelaide Oval","David MacKay","Adelaide","Port Adelaide","Home",1,9679,3,13,13,81.2,0,0,1,0,1,0,4,321,4,1,0,82,11,5,16,2,0,0,2,0,2,1,2,1,0,1,54,63
2018-08-04,2018,"Round 20","Adelaide Oval","Riley Knight","Adelaide","Port Adelaide","Home",0,9679,6,9,9,60,0,1,1,0,0,2,2,193,4,1,0,78,8,7,15,2,0,1,2,0,1,2,1,1,0,0,53,50
2018-08-04,2018,"Round 20","Adelaide Oval","Brodie Smith","Adelaide","Port Adelaide","Home",1,9679,3,12,10,71.4,0,0,4,0,0,0,4,190,3,3,1,78,5,9,14,4,0,0,3,0,2,0,3,0,0,1,54,46
2018-08-04,2018,"Round 20","Adelaide Oval","Eddie Betts","Adelaide","Port Adelaide","Home",0,9679,8,4,4,33.3,0,2,2,0,0,1,4,278,2,2,1,87,8,4,12,3,1,1,2,0,2,1,1,0,0,0,56,61
2018-08-04,2018,"Round 20","Adelaide Oval","Sam Jacobs","Adelaide","Port Adelaide","Home",0,9679,7,5,9,81.8,2,0,3,0,4,1,3,185,2,1,0,81,6,5,11,2,0,0,2,28,3,5,3,0,0,2,64,93
2018-08-04,2018,"Round 20","Adelaide Oval","Taylor Walker","Adelaide","Port Adelaide","Home",0,9679,7,4,6,60,4,3,5,0,0,1,2,214,3,0,2,86,8,2,10,7,1,1,2,0,3,1,4,0,1,1,62,55
2018-08-04,2018,"Round 20","Adelaide Oval","Jordan Gallucci","Adelaide","Port Adelaide","Home",0,9679,3,7,5,50,0,1,2,0,1,2,4,187,0,0,0,75,6,4,10,2,1,1,2,0,1,3,0,0,0,0,47,50
2018-08-04,2018,"Round 20","Adelaide Oval","Lachlan Murphy","Adelaide","Port Adelaide","Home",0,9679,4,3,3,42.9,0,0,0,0,0,0,4,114,3,1,1,73,4,3,7,0,1,1,2,0,0,0,3,0,1,1,31,28
2018-08-04,2018,"Round 20","Adelaide Oval","Daniel Talia","Adelaide","Port Adelaide","Home",0,9679,2,3,5,100,0,0,5,0,0,0,1,53,0,1,0,74,2,3,5,1,0,0,2,0,0,0,1,2,0,1,20,31
2018-08-04,2018,"Round 20","Adelaide Oval","Jared Polec","Port Adelaide","Adelaide","Away",3,9679,12,14,16,66.7,0,0,2,0,1,4,8,613,3,3,0,84,20,4,24,3,0,0,1,0,6,5,3,2,1,1,79,101
2018-08-04,2018,"Round 20","Adelaide Oval","Dan Houston","Port Adelaide","Adelaide","Away",0,9679,12,11,16,76.2,1,0,4,0,0,2,2,255,7,14,0,82,11,10,21,8,0,0,3,0,2,2,3,3,0,0,89,99
2018-08-04,2018,"Round 20","Adelaide Oval","Travis Boak","Port Adelaide","Adelaide","Away",2,9679,5,14,16,80,0,0,1,0,0,0,7,245,5,2,2,86,8,12,20,3,2,0,2,0,4,0,1,0,1,0,78,87
2018-08-04,2018,"Round 20","Adelaide Oval","Robbie Gray","Port Adelaide","Adelaide","Away",0,9679,12,4,12,60,3,3,2,1,5,2,8,343,4,1,0,88,13,7,20,5,4,0,0,0,3,7,2,0,0,1,89,99
2018-08-04,2018,"Round 20","Adelaide Oval","Brad Ebert","Port Adelaide","Adelaide","Away",0,9679,9,11,16,80,1,0,4,0,2,1,4,164,2,4,1,83,5,15,20,3,0,1,4,0,1,3,0,2,1,0,72,83
2018-08-04,2018,"Round 20","Adelaide Oval","Tom Rockliff","Port Adelaide","Adelaide","Away",0,9679,7,13,13,65,0,0,0,0,0,3,5,422,4,2,1,65,14,6,20,2,0,0,3,0,4,3,4,4,0,1,69,57
2018-08-04,2018,"Round 20","Adelaide Oval","Justin Westhoff","Port Adelaide","Adelaide","Away",1,9679,8,13,8,44.4,0,1,4,0,1,0,3,429,8,4,0,84,13,5,18,6,0,1,4,6,3,1,7,4,3,0,93,73
2018-08-04,2018,"Round 20","Adelaide Oval","Jarrod Lienert","Port Adelaide","Adelaide","Away",1,9679,8,10,15,83.3,0,0,3,0,0,2,4,358,5,8,0,86,13,5,18,8,0,0,1,0,2,2,2,4,1,0,78,89
2018-08-04,2018,"Round 20","Adelaide Oval","Oliver Wines","Port Adelaide","Adelaide","Away",1,9679,11,7,9,52.9,1,1,2,0,2,1,4,249,6,4,0,61,11,6,17,2,0,0,4,1,4,3,3,0,0,1,65,63
2018-08-04,2018,"Round 20","Adelaide Oval","Chad Wingard","Port Adelaide","Adelaide","Away",0,9679,9,9,11,68.8,0,2,3,2,0,1,5,368,3,2,0,87,11,5,16,3,4,0,3,0,4,1,3,2,1,1,86,105
2018-08-04,2018,"Round 20","Adelaide Oval","Jasper Pittard","Port Adelaide","Adelaide","Away",0,9679,2,10,9,60,0,0,3,0,0,0,1,361,8,4,0,85,12,3,15,4,0,0,5,0,0,0,4,5,0,0,74,51
2018-08-04,2018,"Round 20","Adelaide Oval","Riley Bonner","Port Adelaide","Adelaide","Away",0,9679,3,11,13,86.7,0,0,2,2,0,0,3,317,3,4,0,79,10,5,15,3,0,0,2,0,1,0,5,4,0,3,48,59
2018-08-04,2018,"Round 20","Adelaide Oval","Steven Motlop","Port Adelaide","Adelaide","Away",0,9679,9,7,8,57.1,0,2,1,1,0,2,2,271,4,5,0,76,8,6,14,2,0,0,3,0,1,2,0,1,2,0,56,73
2018-08-04,2018,"Round 20","Adelaide Oval","Kane Farrell","Port Adelaide","Adelaide","Away",1,9679,6,7,7,53.8,2,0,1,1,0,0,4,384,4,2,1,75,11,2,13,2,3,0,3,0,5,0,3,0,0,0,73,65
2018-08-04,2018,"Round 20","Adelaide Oval","Tom Clurey","Port Adelaide","Adelaide","Away",0,9679,4,9,11,91.7,1,0,5,0,0,0,1,212,3,7,0,86,11,1,12,6,0,0,3,0,0,0,0,7,1,0,66,84
2018-08-04,2018,"Round 20","Adelaide Oval","Thomas Jonas","Port Adelaide","Adelaide","Away",0,9679,3,6,10,90.9,0,0,8,0,0,0,1,262,3,5,0,98,7,4,11,5,0,0,1,0,0,0,1,3,0,0,48,54
2018-08-04,2018,"Round 20","Adelaide Oval","Sam P-Pepper","Port Adelaide","Adelaide","Away",0,9679,7,6,6,54.5,1,0,2,0,0,2,5,260,2,3,0,68,7,4,11,3,0,2,4,0,1,2,4,0,1,2,51,55
2018-08-04,2018,"Round 20","Adelaide Oval","Jack Watts","Port Adelaide","Adelaide","Away",2,9679,4,6,9,90,1,0,0,0,0,0,5,111,1,1,0,70,3,7,10,3,0,0,0,0,3,0,1,1,0,1,29,37
2018-08-04,2018,"Round 20","Adelaide Oval","Charlie Dixon","Port Adelaide","Adelaide","Away",1,9679,7,4,7,70,3,1,2,0,0,0,5,144,2,0,0,100,6,4,10,4,0,1,1,5,3,0,2,0,1,0,49,52
2018-08-04,2018,"Round 20","Adelaide Oval","Jack Hombsch","Port Adelaide","Adelaide","Away",0,9679,4,4,6,75,1,0,3,0,0,1,2,67,1,3,0,83,5,3,8,3,0,0,1,0,0,1,2,3,0,0,34,32
2018-08-04,2018,"Round 20","Adelaide Oval","Patrick Ryder","Port Adelaide","Adelaide","Away",1,9679,3,3,4,57.1,1,1,6,0,1,1,4,139,2,0,0,85,4,3,7,3,0,0,1,40,0,2,1,1,0,1,68,74
2018-08-04,2018,"Round 20","Adelaide Oval","Darcy B-Jones","Port Adelaide","Adelaide","Away",0,9679,4,4,5,71.4,0,0,4,1,0,0,3,120,0,2,1,88,5,2,7,0,1,1,3,0,0,0,0,1,0,0,38,48
2018-08-04,2018,"Round 20","Etihad Stadium","Sebastian Ross","St Kilda","Western Bulldogs","Home",0,9680,10,26,33,82.5,0,1,1,1,1,2,10,561,3,5,0,95,22,18,40,9,3,1,3,0,5,3,1,2,0,0,160,158
2018-08-04,2018,"Round 20","Etihad Stadium","Jack Steven","St Kilda","Western Bulldogs","Home",0,9680,7,18,17,63,1,2,0,3,3,0,7,318,5,4,0,89,14,13,27,7,0,1,2,0,4,3,6,2,0,2,92,61
2018-08-04,2018,"Round 20","Etihad Stadium","Jack Billings","St Kilda","Western Bulldogs","Home",1,9680,10,17,21,77.8,0,0,2,0,0,0,8,470,4,6,3,92,13,14,27,8,1,3,5,0,8,0,1,1,2,0,122,110
2018-08-04,2018,"Round 20","Etihad Stadium","Jade Gresham","St Kilda","Western Bulldogs","Home",1,9680,8,17,17,65.4,0,1,0,0,3,2,9,451,2,0,0,87,13,13,26,3,0,3,6,0,4,5,3,0,0,1,98,81
2018-08-04,2018,"Round 20","Etihad Stadium","Jarryn Geary","St Kilda","Western Bulldogs","Home",0,9680,6,19,23,95.8,0,0,0,0,0,2,3,145,1,4,0,88,9,15,24,8,0,0,3,0,1,2,1,2,0,1,90,87
2018-08-04,2018,"Round 20","Etihad Stadium","Jimmy Webster","St Kilda","Western Bulldogs","Home",0,9680,4,16,17,73.9,0,0,6,1,0,1,6,427,6,3,0,87,16,7,23,5,0,0,1,0,1,1,5,4,0,1,78,70
2018-08-04,2018,"Round 20","Etihad Stadium","Luke Dunstan","St Kilda","Western Bulldogs","Home",0,9680,4,19,16,72.7,1,0,1,0,0,0,3,453,6,3,0,66,14,8,22,4,0,0,2,0,5,0,2,3,1,0,79,64
2018-08-04,2018,"Round 20","Etihad Stadium","Blake Acres","St Kilda","Western Bulldogs","Home",1,9680,9,13,18,81.8,1,0,4,1,1,3,7,207,3,3,1,79,7,15,22,4,0,0,3,1,2,4,3,0,3,3,70,80
2018-08-04,2018,"Round 20","Etihad Stadium","Jake Carlisle","St Kilda","Western Bulldogs","Home",0,9680,6,15,17,81,3,0,4,0,0,0,8,235,4,8,0,94,13,8,21,10,0,0,0,6,1,0,3,4,0,1,88,97
2018-08-04,2018,"Round 20","Etihad Stadium","Jack Steele","St Kilda","Western Bulldogs","Home",0,9680,6,18,19,90.5,1,0,3,0,0,0,4,230,1,5,0,84,10,11,21,6,0,0,8,0,2,0,1,3,2,1,101,118
2018-08-04,2018,"Round 20","Etihad Stadium","Jack Lonie","St Kilda","Western Bulldogs","Home",0,9680,2,19,14,66.7,0,3,0,0,0,0,7,288,5,1,0,92,17,4,21,11,2,0,1,0,3,0,6,1,0,3,99,60
2018-08-04,2018,"Round 20","Etihad Stadium","Hunter Clark","St Kilda","Western Bulldogs","Home",1,9680,1,17,18,90,0,0,0,0,0,0,3,183,3,2,0,69,8,12,20,5,0,0,0,0,0,0,2,3,0,1,60,43
2018-08-04,2018,"Round 20","Etihad Stadium","David Armitage","St Kilda","Western Bulldogs","Home",1,9680,5,13,18,94.7,0,0,5,0,0,1,5,269,1,2,0,90,10,9,19,4,0,0,1,0,1,1,1,3,2,0,66,84
2018-08-04,2018,"Round 20","Etihad Stadium","Nathan Freeman","St Kilda","Western Bulldogs","Home",0,9680,6,13,16,84.2,0,0,1,0,1,0,5,170,2,3,0,80,7,12,19,1,0,0,3,0,1,1,2,1,0,1,57,64
2018-08-04,2018,"Round 20","Etihad Stadium","Tim Membrey","St Kilda","Western Bulldogs","Home",0,9680,7,9,8,53.3,1,2,0,0,0,0,7,205,4,3,3,92,9,6,15,5,1,0,3,0,1,0,2,0,2,0,74,65
2018-08-04,2018,"Round 20","Etihad Stadium","Daniel McKenzie","St Kilda","Western Bulldogs","Home",0,9680,4,11,14,93.3,1,0,3,0,0,0,4,211,1,5,0,87,8,7,15,6,0,0,2,0,1,0,1,2,0,0,64,66
2018-08-04,2018,"Round 20","Etihad Stadium","Jack Sinclair","St Kilda","Western Bulldogs","Home",0,9680,3,13,12,80,0,0,3,2,0,0,4,206,3,2,1,91,8,7,15,3,0,0,3,0,5,0,2,0,1,0,60,53
2018-08-04,2018,"Round 20","Etihad Stadium","Tom Hickey","St Kilda","Western Bulldogs","Home",1,9680,10,6,8,57.1,0,0,5,0,2,2,5,189,3,1,0,68,6,8,14,3,0,2,1,13,3,4,4,2,1,3,54,86
2018-08-04,2018,"Round 20","Etihad Stadium","Nathan Brown","St Kilda","Western Bulldogs","Home",0,9680,2,9,11,100,0,0,4,0,0,0,1,52,0,4,0,98,5,6,11,6,0,0,4,0,0,0,0,2,0,0,61,66
2018-08-04,2018,"Round 20","Etihad Stadium","Nicholas Coffield","St Kilda","Western Bulldogs","Home",0,9680,4,6,7,70,1,0,0,0,0,0,1,117,3,2,0,74,7,3,10,3,0,0,0,0,2,0,3,1,1,1,34,22
2018-08-04,2018,"Round 20","Etihad Stadium","Jack Newnes","St Kilda","Western Bulldogs","Home",0,9680,3,8,7,77.8,0,0,2,1,0,0,3,133,3,2,1,95,4,5,9,3,2,0,5,0,4,0,6,0,0,3,54,44
2018-08-04,2018,"Round 20","Etihad Stadium","Josh Battle","St Kilda","Western Bulldogs","Home",0,9680,1,0,1,100,0,0,0,0,0,0,0,60,0,0,0,6,1,0,1,0,0,0,0,0,1,0,0,0,0,0,3,8
2018-08-04,2018,"Round 20","Etihad Stadium","Jason Johannisen","Western Bulldogs","St Kilda","Away",2,9680,10,28,35,83.3,0,0,2,5,0,1,8,830,7,8,0,87,21,21,42,4,0,1,2,0,5,1,1,12,0,0,126,156
2018-08-04,2018,"Round 20","Etihad Stadium","Jackson Macrae","Western Bulldogs","St Kilda","Away",0,9680,12,24,29,80.6,0,0,0,0,4,3,9,612,7,4,1,88,21,15,36,8,1,0,2,0,5,7,4,4,1,0,132,121
2018-08-04,2018,"Round 20","Etihad Stadium","Josh Dunkley","Western Bulldogs","St Kilda","Away",1,9680,13,20,24,72.7,1,0,3,4,3,1,7,341,4,7,2,85,12,21,33,6,0,1,7,0,2,4,0,2,2,0,127,132
2018-08-04,2018,"Round 20","Etihad Stadium","Lachlan Hunter","Western Bulldogs","St Kilda","Away",0,9680,8,24,29,90.6,0,2,1,1,1,2,9,181,0,2,0,87,7,25,32,7,1,0,1,0,0,3,1,4,3,1,102,108
2018-08-04,2018,"Round 20","Etihad Stadium","Caleb Daniel","Western Bulldogs","St Kilda","Away",2,9680,4,24,27,93.1,0,0,0,2,1,0,8,367,2,3,0,80,13,16,29,10,0,0,1,0,1,1,1,4,0,0,105,100
2018-08-04,2018,"Round 20","Etihad Stadium","Marcus Bontempelli","Western Bulldogs","St Kilda","Away",0,9680,9,13,16,72.7,1,1,1,0,2,2,7,353,5,2,0,90,14,8,22,4,4,1,3,0,3,4,5,1,2,2,103,100
2018-08-04,2018,"Round 20","Etihad Stadium","Toby McLean","Western Bulldogs","St Kilda","Away",1,9680,6,18,15,68.2,0,0,1,1,2,1,5,338,3,1,2,82,8,14,22,2,0,1,4,0,5,3,2,1,1,1,73,77
2018-08-04,2018,"Round 20","Etihad Stadium","Patrick Lipinski","Western Bulldogs","St Kilda","Away",1,9680,6,17,19,86.4,0,1,1,0,0,0,6,270,3,4,1,85,11,11,22,10,1,0,6,0,4,0,3,0,3,1,115,113
2018-08-04,2018,"Round 20","Etihad Stadium","Mitchell Wallis","Western Bulldogs","St Kilda","Away",0,9680,10,11,14,66.7,0,0,1,0,1,1,6,297,5,2,1,88,10,11,21,5,1,1,5,0,6,2,5,0,2,1,93,77
2018-08-04,2018,"Round 20","Etihad Stadium","Jordan Roughead","Western Bulldogs","St Kilda","Away",1,9680,7,12,13,68.4,2,1,4,0,0,1,6,212,4,2,2,83,10,9,19,9,0,2,3,10,3,1,1,1,2,0,101,91
2018-08-04,2018,"Round 20","Etihad Stadium","Hayden Crozier","Western Bulldogs","St Kilda","Away",2,9680,5,14,18,94.7,2,0,4,0,0,1,6,450,2,5,0,85,11,8,19,6,1,0,1,0,5,1,0,4,0,0,77,99
2018-08-04,2018,"Round 20","Etihad Stadium","Lin Jong","Western Bulldogs","St Kilda","Away",0,9680,5,13,15,83.3,0,1,1,3,1,0,6,153,0,1,1,83,4,14,18,4,1,0,1,0,1,1,1,1,0,0,62,66
2018-08-04,2018,"Round 20","Etihad Stadium","Jackson Trengove","Western Bulldogs","St Kilda","Away",2,9680,4,11,11,73.3,0,0,3,0,0,1,10,36,2,0,2,90,1,14,15,3,0,0,4,17,2,1,5,0,0,3,64,66
2018-08-04,2018,"Round 20","Etihad Stadium","Zaine Cordy","Western Bulldogs","St Kilda","Away",0,9680,4,9,12,85.7,1,0,11,1,0,0,3,301,2,4,0,91,11,3,14,2,0,0,2,0,3,0,3,2,3,2,50,67
2018-08-04,2018,"Round 20","Etihad Stadium","Fergus Greene","Western Bulldogs","St Kilda","Away",0,9680,3,11,8,57.1,0,3,0,0,0,0,6,221,2,0,4,85,8,6,14,6,1,1,4,0,2,0,3,1,1,0,78,56
2018-08-04,2018,"Round 20","Etihad Stadium","Aaron Naughton","Western Bulldogs","St Kilda","Away",0,9680,4,8,11,84.6,2,0,5,0,0,0,3,215,4,7,0,87,7,6,13,7,0,0,2,2,1,0,2,2,0,0,64,57
2018-08-04,2018,"Round 20","Etihad Stadium","Tory Dickson","Western Bulldogs","St Kilda","Away",0,9680,3,9,9,75,0,1,0,0,0,0,3,155,2,1,2,86,6,6,12,4,1,0,2,0,3,0,1,0,0,0,56,60
2018-08-04,2018,"Round 20","Etihad Stadium","Josh Schache","Western Bulldogs","St Kilda","Away",0,9680,6,5,8,72.7,1,2,1,0,0,0,5,117,2,4,0,85,5,6,11,2,3,1,0,0,1,0,1,1,0,0,52,63
2018-08-04,2018,"Round 20","Etihad Stadium","Dale Morris","Western Bulldogs","St Kilda","Away",0,9680,2,8,8,80,0,0,6,0,0,0,0,4,2,3,0,94,4,6,10,2,0,0,0,0,0,0,3,1,1,1,28,34
2018-08-04,2018,"Round 20","Etihad Stadium","Bradley Lynch","Western Bulldogs","St Kilda","Away",0,9680,4,8,6,60,0,1,2,0,0,1,2,261,6,1,0,74,8,2,10,3,0,1,1,0,1,1,5,0,1,3,34,30
2018-08-04,2018,"Round 20","Etihad Stadium","Ed Richards","Western Bulldogs","St Kilda","Away",0,9680,2,5,5,62.5,1,1,0,2,0,0,2,202,1,3,0,77,6,2,8,2,0,1,0,0,1,0,0,1,0,0,29,34
2018-08-04,2018,"Round 20","Etihad Stadium","Roarke Smith","Western Bulldogs","St Kilda","Away",0,9680,0,2,1,50,0,0,0,1,0,0,1,29,0,0,0,8,0,2,2,0,0,0,0,0,0,0,0,1,0,0,4,5
2018-08-04,2018,"Round 20","SCG","Dane Rampe","Sydney","Collingwood","Home",0,9681,9,18,20,71.4,0,0,1,0,0,2,3,595,7,10,0,100,18,10,28,11,0,0,3,0,0,2,6,9,1,1,117,107
2018-08-04,2018,"Round 20","SCG","Jake Lloyd","Sydney","Collingwood","Home",0,9681,6,21,23,85.2,0,0,2,0,0,0,3,422,6,6,0,86,19,8,27,6,0,0,0,0,3,0,1,4,0,0,91,114
2018-08-04,2018,"Round 20","SCG","Jarrad McVeigh","Sydney","Collingwood","Home",0,9681,7,19,19,73.1,0,0,1,0,0,1,4,426,7,5,0,85,16,10,26,7,0,0,0,0,7,1,2,3,0,0,89,100
2018-08-04,2018,"Round 20","SCG","George Hewett","Sydney","Collingwood","Home",0,9681,16,9,20,80,0,0,1,0,4,6,3,107,3,6,0,90,10,15,25,3,0,0,5,0,1,10,2,0,5,0,94,101
2018-08-04,2018,"Round 20","SCG","Luke Parker","Sydney","Collingwood","Home",0,9681,14,7,12,50,0,0,2,0,3,4,5,269,7,5,0,89,11,13,24,1,0,1,8,0,2,7,4,3,0,1,92,91
2018-08-04,2018,"Round 20","SCG","Aliir Aliir","Sydney","Collingwood","Home",0,9681,5,20,19,79.2,1,0,6,0,0,1,3,355,3,7,0,94,15,9,24,12,0,0,2,0,2,1,2,4,1,0,108,101
2018-08-04,2018,"Round 20","SCG","Nic Newman","Sydney","Collingwood","Home",0,9681,6,18,20,83.3,0,0,3,1,0,1,3,378,7,7,0,75,15,9,24,12,0,0,2,0,4,1,5,3,0,1,104,95
2018-08-04,2018,"Round 20","SCG","Josh P. Kennedy","Sydney","Collingwood","Home",0,9681,11,10,12,57.1,0,1,0,0,0,3,3,151,5,2,0,82,8,13,21,1,1,0,2,0,1,3,3,3,1,1,65,75
2018-08-04,2018,"Round 20","SCG","Callum Sinclair","Sydney","Collingwood","Home",1,9681,11,8,9,47.4,3,0,7,0,2,1,2,221,5,6,0,93,10,9,19,7,0,0,3,16,6,3,6,0,0,2,91,69
2018-08-04,2018,"Round 20","SCG","Harry Cunningham","Sydney","Collingwood","Home",1,9681,2,17,12,66.7,0,0,0,0,0,0,2,234,5,1,0,84,9,9,18,4,0,0,7,0,1,0,5,2,0,2,79,54
2018-08-04,2018,"Round 20","SCG","Lance Franklin","Sydney","Collingwood","Home",2,9681,9,8,13,76.5,3,6,4,0,0,0,13,484,2,1,1,93,15,2,17,9,6,4,6,0,5,0,1,0,2,1,139,178
2018-08-04,2018,"Round 20","SCG","Nick Smith","Sydney","Collingwood","Home",0,9681,3,14,12,75,0,0,2,0,0,0,2,236,3,4,0,85,10,6,16,7,0,0,3,0,0,0,1,4,2,0,77,70
2018-08-04,2018,"Round 20","SCG","Alex Johnson","Sydney","Collingwood","Home",0,9681,4,12,11,73.3,1,0,6,0,0,0,1,178,4,5,0,76,11,4,15,11,0,0,4,0,0,0,4,1,2,1,89,65
2018-08-04,2018,"Round 20","SCG","Daniel Robinson","Sydney","Collingwood","Home",0,9681,6,8,9,64.3,1,0,0,0,0,1,3,135,3,5,0,64,8,6,14,6,0,0,1,0,1,1,1,2,1,0,59,51
2018-08-04,2018,"Round 20","SCG","Isaac Heeney","Sydney","Collingwood","Home",0,9681,6,10,9,64.3,0,0,2,0,0,1,2,194,1,4,0,82,9,5,14,4,0,0,4,0,2,1,1,1,1,0,66,70
2018-08-04,2018,"Round 20","SCG","Jordan Dawson","Sydney","Collingwood","Home",1,9681,6,7,8,61.5,1,2,1,0,0,1,5,129,3,2,0,70,6,7,13,4,2,0,6,0,1,1,6,0,1,4,69,70
2018-08-04,2018,"Round 20","SCG","Tom Papley","Sydney","Collingwood","Home",0,9681,4,9,10,83.3,0,0,1,0,1,0,2,163,1,1,2,85,7,5,12,3,0,0,4,0,3,1,3,1,1,1,54,47
2018-08-04,2018,"Round 20","SCG","Oliver Florent","Sydney","Collingwood","Home",0,9681,8,6,6,50,0,0,1,0,0,2,1,191,8,4,0,81,5,7,12,0,0,0,3,0,3,2,5,0,0,2,35,37
2018-08-04,2018,"Round 20","SCG","Ben Ronke","Sydney","Collingwood","Home",0,9681,5,6,6,60,0,1,1,0,0,0,2,206,7,4,1,56,7,3,10,2,1,0,6,0,2,0,4,0,1,2,58,49
2018-08-04,2018,"Round 20","SCG","Kieren Jack","Sydney","Collingwood","Home",1,9681,1,8,5,55.6,0,0,0,0,0,0,2,212,2,3,0,74,7,2,9,2,0,0,5,0,5,0,0,0,0,0,51,43
2018-08-04,2018,"Round 20","SCG","Will Hayward","Sydney","Collingwood","Home",0,9681,5,3,4,66.7,0,0,2,0,0,1,3,62,2,2,0,79,1,5,6,0,0,0,3,0,1,1,2,0,0,2,19,32
2018-08-04,2018,"Round 20","SCG","Tom McCartin","Sydney","Collingwood","Home",0,9681,6,0,3,50,1,0,0,0,0,0,2,46,4,1,0,78,3,3,6,1,1,0,1,0,0,0,3,0,0,1,25,40
2018-08-04,2018,"Round 20","SCG","Taylor Adams","Collingwood","Sydney","Away",0,9681,22,8,16,50,0,1,0,0,5,5,4,420,9,6,0,82,18,14,32,3,0,1,11,0,3,10,7,1,1,1,134,107
2018-08-04,2018,"Round 20","SCG","Jack Crisp","Collingwood","Sydney","Away",0,9681,11,18,20,69,0,0,1,0,0,1,1,527,4,7,0,95,17,12,29,4,0,0,5,0,5,1,4,7,1,1,105,107
2018-08-04,2018,"Round 20","SCG","Tom Langdon","Collingwood","Sydney","Away",0,9681,19,9,18,69.2,2,0,9,0,0,1,2,199,4,19,0,95,12,14,26,8,0,0,1,0,3,1,5,4,2,1,91,119
2018-08-04,2018,"Round 20","SCG","Brodie Grundy","Collingwood","Sydney","Away",0,9681,17,7,9,37.5,2,0,3,0,3,6,5,296,6,2,1,93,15,9,24,3,1,2,4,57,2,9,5,1,3,2,150,167
2018-08-04,2018,"Round 20","SCG","Brayden Sier","Collingwood","Sydney","Away",1,9681,12,13,15,65.2,0,0,0,0,1,2,3,428,6,2,2,75,11,12,23,1,0,0,7,0,7,3,7,1,1,0,89,70
2018-08-04,2018,"Round 20","SCG","Tom Phillips","Collingwood","Sydney","Away",0,9681,11,14,17,73.9,0,0,2,0,0,4,2,294,4,7,0,94,10,13,23,4,0,1,2,0,4,4,2,1,1,1,75,81
2018-08-04,2018,"Round 20","SCG","Scott Pendlebury","Collingwood","Sydney","Away",0,9681,11,12,11,50,0,0,3,0,0,1,1,255,7,4,2,85,8,14,22,0,0,0,6,0,0,1,4,2,2,2,72,82
2018-08-04,2018,"Round 20","SCG","Christopher Mayne","Collingwood","Sydney","Away",1,9681,9,12,15,71.4,1,2,2,0,1,0,4,199,3,3,0,95,10,11,21,7,0,2,2,0,1,1,5,0,0,3,74,79
2018-08-04,2018,"Round 20","SCG","Brayden Maynard","Collingwood","Sydney","Away",1,9681,3,15,14,70,0,0,5,0,0,0,3,413,3,3,0,85,12,8,20,4,0,0,3,0,3,0,4,4,0,1,73,73
2018-08-04,2018,"Round 20","SCG","Steele Sidebottom","Collingwood","Sydney","Away",0,9681,9,10,8,44.4,0,0,2,0,0,0,1,293,7,4,3,89,8,10,18,1,1,0,4,0,4,0,7,2,1,0,70,66
2018-08-04,2018,"Round 20","SCG","Josh Thomas","Collingwood","Sydney","Away",0,9681,12,7,17,94.4,0,0,3,0,0,4,4,19,0,4,0,83,3,15,18,3,0,0,3,0,1,4,0,0,0,0,60,83
2018-08-04,2018,"Round 20","SCG","Samuel Murray","Collingwood","Sydney","Away",0,9681,3,15,11,61.1,0,0,6,0,1,1,1,463,8,4,0,73,17,1,18,2,0,0,0,0,2,2,2,7,0,1,56,74
2018-08-04,2018,"Round 20","SCG","Levi Greenwood","Collingwood","Sydney","Away",0,9681,4,10,11,73.3,1,0,2,0,0,0,3,167,5,6,0,85,11,4,15,6,0,0,2,0,2,0,1,1,2,0,69,74
2018-08-04,2018,"Round 20","SCG","Jack Madgen","Collingwood","Sydney","Away",0,9681,9,6,12,92.3,1,0,2,0,0,0,1,197,2,8,0,85,5,8,13,1,0,0,2,0,0,0,1,2,2,1,41,66
2018-08-04,2018,"Round 20","SCG","Josh Daicos","Collingwood","Sydney","Away",0,9681,4,7,9,75,0,0,1,0,0,0,3,225,4,2,1,65,9,3,12,0,1,0,4,0,2,0,3,0,2,0,57,53
2018-08-04,2018,"Round 20","SCG","Travis Varcoe","Collingwood","Sydney","Away",0,9681,5,5,8,72.7,1,1,1,0,0,0,4,209,3,2,0,75,7,4,11,3,4,0,2,0,3,0,2,0,0,1,67,77
2018-08-04,2018,"Round 20","SCG","Mason Cox","Collingwood","Sydney","Away",0,9681,8,2,4,36.4,5,2,2,0,0,0,4,136,2,0,0,90,7,4,11,5,1,3,1,6,0,0,3,0,2,1,62,52
2018-08-04,2018,"Round 20","SCG","Brody Mihocek","Collingwood","Sydney","Away",0,9681,3,6,7,70,1,0,1,0,0,0,0,230,5,5,0,93,9,1,10,6,0,0,1,0,4,0,2,1,1,0,52,39
2018-08-04,2018,"Round 20","SCG","Jaidyn Stephenson","Collingwood","Sydney","Away",1,9681,2,6,5,55.6,1,0,1,0,0,0,3,137,2,1,1,82,7,2,9,4,0,1,8,0,4,0,3,0,0,1,67,49
2018-08-04,2018,"Round 20","SCG","Will H-Elliott","Collingwood","Sydney","Away",1,9681,2,7,7,87.5,0,0,0,0,0,0,4,155,2,2,0,85,6,2,8,1,2,0,0,0,2,0,1,0,1,1,35,57
2018-08-04,2018,"Round 20","SCG","Darcy Moore","Collingwood","Sydney","Away",0,9681,1,5,5,83.3,0,0,1,0,0,0,0,67,2,3,0,30,3,3,6,3,0,0,0,0,0,0,0,2,0,0,24,22
2018-08-04,2018,"Round 20","SCG","Callum Brown","Collingwood","Sydney","Away",0,9681,3,3,3,60,0,0,0,0,0,0,0,83,3,1,1,66,3,2,5,2,0,0,10,0,0,0,2,0,0,1,56,39
2018-08-05,2018,"Round 20","Etihad Stadium","Patrick Cripps","Carlton","GWS","Home",0,9682,16,12,20,69,1,0,0,3,3,3,2,300,4,2,0,85,11,18,29,4,0,0,9,0,5,6,4,1,4,1,118,122
2018-08-05,2018,"Round 20","Etihad Stadium","Marc Murphy","Carlton","GWS","Home",0,9682,9,13,20,83.3,0,0,2,0,4,2,5,247,2,3,0,87,11,13,24,8,0,0,7,0,4,6,4,2,1,3,103,103
2018-08-05,2018,"Round 20","Etihad Stadium","Edward Curnow","Carlton","GWS","Home",0,9682,5,16,16,72.7,0,0,1,0,0,0,3,318,3,3,0,93,12,10,22,2,0,0,4,0,2,0,2,3,0,2,72,88
2018-08-05,2018,"Round 20","Etihad Stadium","Kade Simpson","Carlton","GWS","Home",0,9682,10,9,15,71.4,1,0,8,0,0,2,2,338,2,9,0,93,10,11,21,3,0,0,0,0,3,2,6,4,2,1,60,81
2018-08-05,2018,"Round 20","Etihad Stadium","Matthew Wright","Carlton","GWS","Home",0,9682,5,12,11,61.1,0,2,0,1,0,0,4,284,6,5,0,88,15,3,18,7,2,1,2,0,1,0,5,4,0,1,90,79
2018-08-05,2018,"Round 20","Etihad Stadium","Jed Lamb","Carlton","GWS","Home",0,9682,4,11,15,88.2,0,0,3,0,0,0,1,381,1,4,0,82,13,4,17,5,0,0,1,0,1,0,0,6,2,0,68,67
2018-08-05,2018,"Round 20","Etihad Stadium","Sam P-Seton","Carlton","GWS","Home",1,9682,4,13,12,70.6,0,0,0,1,0,0,3,155,2,2,0,78,12,5,17,6,0,0,3,0,1,0,4,1,0,2,70,59
2018-08-05,2018,"Round 20","Etihad Stadium","Ciaran Byrne","Carlton","GWS","Home",0,9682,4,12,12,75,0,0,3,0,0,0,0,158,3,3,0,79,10,6,16,4,0,0,4,0,2,0,6,2,1,3,62,52
2018-08-05,2018,"Round 20","Etihad Stadium","Harry McKay","Carlton","GWS","Home",0,9682,10,6,12,80,4,3,3,0,1,1,6,286,3,1,1,85,9,6,15,8,3,2,1,2,2,2,3,0,2,3,82,98
2018-08-05,2018,"Round 20","Etihad Stadium","Dale Thomas","Carlton","GWS","Home",0,9682,4,10,9,64.3,0,0,1,2,0,0,2,273,5,4,0,69,9,5,14,5,0,0,2,0,4,0,3,1,1,1,58,54
2018-08-05,2018,"Round 20","Etihad Stadium","Darcy Lang","Carlton","GWS","Home",0,9682,4,9,8,61.5,0,0,1,1,1,1,2,198,2,2,0,71,8,5,13,4,0,0,4,0,2,2,1,2,1,0,63,48
2018-08-05,2018,"Round 20","Etihad Stadium","Matthew Kennedy","Carlton","GWS","Home",0,9682,8,5,7,53.8,0,0,1,0,1,0,2,103,2,0,0,70,6,7,13,2,0,0,2,0,1,1,1,1,1,0,47,53
2018-08-05,2018,"Round 20","Etihad Stadium","Caleb Marchbank","Carlton","GWS","Home",0,9682,3,7,7,58.3,0,0,17,0,0,1,0,274,5,6,0,99,10,2,12,2,0,0,2,0,3,1,1,5,0,0,48,71
2018-08-05,2018,"Round 20","Etihad Stadium","Charlie Curnow","Carlton","GWS","Home",0,9682,4,6,6,54.5,1,2,2,1,0,0,4,265,6,0,2,89,9,2,11,4,1,1,3,0,2,0,4,0,0,2,56,56
2018-08-05,2018,"Round 20","Etihad Stadium","Paddy Dow","Carlton","GWS","Home",0,9682,9,2,8,72.7,0,0,1,0,1,1,2,90,1,4,1,77,2,9,11,1,1,0,3,0,1,2,0,2,0,0,45,65
2018-08-05,2018,"Round 20","Etihad Stadium","Lochie O'Brien","Carlton","GWS","Home",0,9682,2,8,5,50,0,0,0,0,0,0,0,174,2,1,0,69,7,3,10,2,0,0,0,0,2,0,2,0,0,0,33,15
2018-08-05,2018,"Round 20","Etihad Stadium","Nicholas Graham","Carlton","GWS","Home",0,9682,2,8,9,100,0,0,1,0,0,0,2,134,2,1,0,68,4,5,9,1,0,0,1,0,1,0,3,0,1,2,24,27
2018-08-05,2018,"Round 20","Etihad Stadium","Jarrod Pickett","Carlton","GWS","Home",1,9682,5,4,4,44.4,0,0,1,0,0,2,2,102,4,2,1,72,7,2,9,1,0,0,2,0,1,2,5,0,2,1,35,23
2018-08-05,2018,"Round 20","Etihad Stadium","Sam Rowe","Carlton","GWS","Home",0,9682,4,4,6,75,0,0,5,0,0,0,1,71,2,4,0,96,4,4,8,2,0,0,4,0,1,0,0,2,2,0,44,52
2018-08-05,2018,"Round 20","Etihad Stadium","Cameron Polson","Carlton","GWS","Home",1,9682,4,4,4,57.1,0,1,0,0,0,0,1,202,3,1,1,82,5,2,7,1,0,0,5,0,3,0,3,0,1,0,43,38
2018-08-05,2018,"Round 20","Etihad Stadium","Matthew Lobbe","Carlton","GWS","Home",0,9682,3,3,2,40,0,1,5,0,1,2,1,72,3,0,1,86,3,2,5,2,0,0,5,39,0,3,4,2,1,1,76,35
2018-08-05,2018,"Round 20","Etihad Stadium","Cameron O'Shea","Carlton","GWS","Home",0,9682,1,4,0,0,0,0,0,0,0,0,2,118,2,0,0,82,4,1,5,1,0,0,3,0,1,0,4,1,0,0,29,13
2018-08-05,2018,"Round 20","Etihad Stadium","Joshua Kelly","GWS","Carlton","Away",4,9682,22,21,33,80.5,0,1,2,2,0,10,16,928,6,7,0,95,29,12,41,7,0,1,5,0,16,10,1,0,0,0,153,205
2018-08-05,2018,"Round 20","Etihad Stadium","Stephen Coniglio","GWS","Carlton","Away",2,9682,13,24,28,77.8,0,1,0,0,6,2,14,478,4,1,1,93,21,15,36,6,2,0,6,0,6,8,3,2,0,1,144,157
2018-08-05,2018,"Round 20","Etihad Stadium","Callan Ward","GWS","Carlton","Away",2,9682,16,18,28,82.4,0,1,1,0,4,5,12,433,3,3,1,89,19,15,34,7,0,2,9,0,5,9,6,1,3,3,140,151
2018-08-05,2018,"Round 20","Etihad Stadium","Jacob Hopper","GWS","Carlton","Away",3,9682,15,16,20,64.5,0,1,0,0,2,3,13,433,3,3,1,89,14,17,31,6,1,1,5,0,4,5,3,0,0,3,112,131
2018-08-05,2018,"Round 20","Etihad Stadium","Lachie Whitfield","GWS","Carlton","Away",0,9682,6,21,24,85.7,0,0,3,0,0,1,10,501,2,9,0,90,19,9,28,6,1,1,5,0,6,1,2,2,1,1,118,141
2018-08-05,2018,"Round 20","Etihad Stadium","Adam Kennedy","GWS","Carlton","Away",1,9682,5,21,25,96.2,0,0,0,3,0,0,11,341,1,5,0,85,14,12,26,9,2,0,2,0,5,0,1,1,0,0,113,134
2018-08-05,2018,"Round 20","Etihad Stadium","Adam Tomlinson","GWS","Carlton","Away",1,9682,6,14,15,71.4,1,1,1,0,1,2,9,438,4,4,0,89,17,4,21,4,3,0,4,5,4,3,2,0,0,0,110,105
2018-08-05,2018,"Round 20","Etihad Stadium","Heath Shaw","GWS","Carlton","Away",0,9682,7,12,13,68.4,0,0,1,0,0,0,1,435,7,9,0,94,18,1,19,2,0,0,2,1,0,0,7,10,3,2,68,76
2018-08-05,2018,"Round 20","Etihad Stadium","Matthew De Boer","GWS","Carlton","Away",1,9682,6,12,14,77.8,0,1,0,0,1,1,9,273,2,2,2,90,8,10,18,6,2,2,5,0,2,2,1,1,1,1,94,78
2018-08-05,2018,"Round 20","Etihad Stadium","Phil Davis","GWS","Carlton","Away",0,9682,7,10,15,88.2,2,0,6,0,0,0,5,277,3,7,0,99,11,6,17,8,0,0,1,0,2,0,3,6,3,1,73,92
2018-08-05,2018,"Round 20","Etihad Stadium","Matthew Buntine","GWS","Carlton","Away",0,9682,5,11,12,70.6,2,0,6,0,0,1,3,44,4,5,0,86,9,8,17,6,0,0,0,0,0,1,2,3,0,0,61,64
2018-08-05,2018,"Round 20","Etihad Stadium","Jeremy Cameron","GWS","Carlton","Away",0,9682,6,13,12,70.6,2,4,0,0,0,0,10,260,4,1,0,93,14,3,17,8,4,1,1,0,2,0,4,0,0,3,92,98
2018-08-05,2018,"Round 20","Etihad Stadium","Aiden Bonar","GWS","Carlton","Away",0,9682,8,9,13,81.2,1,1,2,0,2,2,8,331,2,0,0,79,8,8,16,3,2,0,6,0,5,4,2,1,3,1,85,82
2018-08-05,2018,"Round 20","Etihad Stadium","Harrison Himmelberg","GWS","Carlton","Away",4,9682,7,8,13,86.7,1,3,4,0,0,0,10,99,1,1,0,96,4,11,15,4,3,0,1,0,0,0,0,1,0,0,68,110
2018-08-05,2018,"Round 20","Etihad Stadium","Nick Haynes","GWS","Carlton","Away",0,9682,2,8,9,81.8,0,0,5,0,0,0,2,165,2,5,0,88,7,4,11,3,0,0,0,0,1,0,0,2,0,0,38,54
2018-08-05,2018,"Round 20","Etihad Stadium","Rory Lobb","GWS","Carlton","Away",0,9682,5,7,7,63.6,0,2,1,0,1,0,3,336,5,2,1,94,10,1,11,5,0,1,6,9,3,1,4,2,4,2,79,56
2018-08-05,2018,"Round 20","Etihad Stadium","Brent Daniels","GWS","Carlton","Away",1,9682,6,4,8,80,0,0,1,0,0,0,7,122,1,1,2,79,3,7,10,1,2,0,4,0,1,0,1,0,1,1,52,58
2018-08-05,2018,"Round 20","Etihad Stadium","Zac Langdon","GWS","Carlton","Away",0,9682,4,4,6,60,0,1,0,0,0,0,4,120,1,1,1,89,6,4,10,3,1,0,7,0,0,0,3,0,1,1,67,61
2018-08-05,2018,"Round 20","Etihad Stadium","Dawson Simpson","GWS","Carlton","Away",0,9682,8,0,6,75,1,0,2,0,0,3,8,41,0,3,0,51,3,5,8,1,0,0,2,23,0,3,2,1,2,2,49,80
2018-08-05,2018,"Round 20","Etihad Stadium","Brett Deledio","GWS","Carlton","Away",1,9682,1,5,3,50,0,0,0,0,0,0,2,108,2,0,0,27,3,3,6,1,0,0,1,0,2,0,1,0,0,0,22,33
2018-08-05,2018,"Round 20","Etihad Stadium","Sam Taylor","GWS","Carlton","Away",0,9682,0,5,4,80,0,0,1,0,0,0,1,74,0,0,0,48,2,3,5,2,0,0,0,0,0,0,0,1,0,0,18,20
2018-08-05,2018,"Round 20","Etihad Stadium","Toby Greene","GWS","Carlton","Away",0,9682,1,3,3,75,0,1,1,0,0,0,1,70,0,0,0,45,3,1,4,2,0,0,0,0,1,0,0,0,1,0,18,18
2018-08-05,2018,"Round 20","MCG","Clayton Oliver","Melbourne","Gold Coast","Home",1,9683,14,16,14,45.2,1,6,0,0,3,1,12,501,4,5,2,90,17,14,31,11,2,2,7,0,3,4,4,4,0,0,154,147
2018-08-05,2018,"Round 20","MCG","Dom Tyson","Melbourne","Gold Coast","Home",2,9683,11,16,20,74.1,0,0,1,0,0,3,9,395,4,3,0,77,13,14,27,6,0,0,3,0,3,3,5,1,2,1,96,107
2018-08-05,2018,"Round 20","MCG","Angus Brayshaw","Melbourne","Gold Coast","Home",0,9683,11,15,19,70.4,1,1,0,0,6,2,8,598,5,2,2,79,17,10,27,8,1,0,10,0,7,8,3,3,2,0,143,115
2018-08-05,2018,"Round 20","MCG","Christian Salem","Melbourne","Gold Coast","Home",1,9683,7,17,24,92.3,1,0,3,1,0,0,11,477,2,8,1,86,19,7,26,2,1,0,5,0,3,0,0,4,1,0,104,149
2018-08-05,2018,"Round 20","MCG","James Harmes","Melbourne","Gold Coast","Home",0,9683,10,16,19,76,0,0,0,1,3,2,10,362,6,1,0,81,13,12,25,3,3,0,5,0,4,5,4,0,2,2,106,114
2018-08-05,2018,"Round 20","MCG","Nathan Jones","Melbourne","Gold Coast","Home",1,9683,10,15,17,70.8,1,1,0,0,1,2,8,384,4,4,0,83,15,9,24,5,2,0,3,0,7,3,7,2,1,6,85,92
2018-08-05,2018,"Round 20","MCG","Jesse Hogan","Melbourne","Gold Coast","Home",2,9683,9,13,15,68.2,2,6,2,0,0,0,14,323,3,1,1,89,15,7,22,10,4,1,1,0,4,0,2,1,0,0,118,124
2018-08-05,2018,"Round 20","MCG","Alex N-Bullen","Melbourne","Gold Coast","Home",1,9683,8,15,11,50,0,2,0,0,0,0,7,348,8,5,0,77,15,7,22,4,2,0,2,0,5,0,7,1,2,1,90,93
2018-08-05,2018,"Round 20","MCG","Jeff Garlett","Melbourne","Gold Coast","Home",2,9683,7,15,13,61.9,0,3,0,0,0,1,9,312,2,1,2,81,16,5,21,6,2,3,4,0,3,1,1,0,1,0,108,104
2018-08-05,2018,"Round 20","MCG","Bayley Fritsch","Melbourne","Gold Coast","Home",0,9683,7,15,14,66.7,1,1,1,0,0,1,8,332,1,5,0,84,15,6,21,9,0,2,1,0,3,1,3,2,0,0,90,78
2018-08-05,2018,"Round 20","MCG","Christian Petracca","Melbourne","Gold Coast","Home",2,9683,10,11,12,60,0,3,1,0,0,1,11,315,2,4,1,85,12,8,20,6,2,1,2,0,3,1,2,1,1,0,92,110
2018-08-05,2018,"Round 20","MCG","Jordan Lewis","Melbourne","Gold Coast","Home",0,9683,6,10,16,88.9,0,0,4,0,0,1,2,308,1,6,0,87,11,7,18,3,0,0,2,0,3,1,1,1,1,1,62,80
2018-08-05,2018,"Round 20","MCG","Max Gawn","Melbourne","Gold Coast","Home",0,9683,8,10,13,72.2,1,0,3,0,1,1,7,314,4,5,0,84,10,8,18,6,0,0,4,30,5,2,3,2,1,0,111,112
2018-08-05,2018,"Round 20","MCG","Tom McDonald","Melbourne","Gold Coast","Home",0,9683,6,12,11,64.7,2,3,2,0,0,0,9,229,2,1,2,81,11,6,17,11,0,3,2,7,2,0,3,1,1,0,97,80
2018-08-05,2018,"Round 20","MCG","Sam Frost","Melbourne","Gold Coast","Home",0,9683,10,7,12,75,2,0,2,0,0,1,4,256,3,7,0,84,8,8,16,5,0,0,3,0,0,1,1,5,1,1,65,97
2018-08-05,2018,"Round 20","MCG","Neville Jetta","Melbourne","Gold Coast","Home",0,9683,4,10,12,85.7,1,0,3,1,0,0,3,233,3,8,0,84,12,2,14,7,0,0,2,0,0,0,2,1,1,0,70,61
2018-08-05,2018,"Round 20","MCG","Jay K-Harris","Melbourne","Gold Coast","Home",1,9683,7,8,10,71.4,0,0,0,0,0,0,4,92,4,6,2,76,5,9,14,3,0,0,4,0,3,0,2,0,0,0,58,61
2018-08-05,2018,"Round 20","MCG","Aaron Vandenberg","Melbourne","Gold Coast","Home",1,9683,5,9,10,71.4,0,1,0,0,2,0,4,332,3,0,1,74,8,6,14,7,0,2,2,0,6,2,2,0,0,1,64,50
2018-08-05,2018,"Round 20","MCG","Oscar McDonald","Melbourne","Gold Coast","Home",0,9683,3,10,11,84.6,0,0,1,0,0,0,2,199,2,5,0,90,8,5,13,5,0,0,2,0,1,0,1,3,1,0,58,53
2018-08-05,2018,"Round 20","MCG","Joel Smith","Melbourne","Gold Coast","Home",0,9683,4,9,9,69.2,2,0,1,2,0,0,3,247,3,6,0,69,9,4,13,6,0,0,5,0,2,0,3,0,0,1,70,65
2018-08-05,2018,"Round 20","MCG","Charlie Spargo","Melbourne","Gold Coast","Home",0,9683,4,8,10,83.3,0,1,0,0,0,0,5,130,3,0,2,73,9,3,12,5,2,0,3,0,2,0,2,1,1,1,70,87
2018-08-05,2018,"Round 20","MCG","Bernie Vince","Melbourne","Gold Coast","Home",0,9683,5,6,8,72.7,0,0,4,0,1,0,2,79,3,4,0,85,4,7,11,2,0,0,5,0,0,1,1,1,0,0,52,57
2018-08-05,2018,"Round 20","MCG","Touk Miller","Gold Coast","Melbourne","Away",0,9683,14,11,19,76,0,0,1,1,2,3,3,163,6,7,2,88,5,20,25,5,0,0,7,0,0,5,8,4,2,1,97,84
2018-08-05,2018,"Round 20","MCG","Will Brodie","Gold Coast","Melbourne","Away",0,9683,13,11,14,60.9,1,0,1,0,2,1,0,291,8,1,0,81,8,15,23,2,0,0,3,0,3,3,2,2,0,1,69,91
2018-08-05,2018,"Round 20","MCG","Jarrod Harbrow","Gold Coast","Melbourne","Away",0,9683,5,16,12,54.5,0,0,2,0,0,1,2,403,6,4,0,85,15,7,22,5,0,0,1,0,3,1,2,5,0,1,75,73
2018-08-05,2018,"Round 20","MCG","Callum Ah Chee","Gold Coast","Melbourne","Away",0,9683,6,16,16,72.7,0,0,2,0,1,0,3,363,3,4,0,82,11,11,22,5,0,0,0,0,2,1,5,3,1,1,68,49
2018-08-05,2018,"Round 20","MCG","Pearce Hanley","Gold Coast","Melbourne","Away",0,9683,6,9,10,55.6,0,0,1,0,0,0,2,329,8,7,0,79,10,8,18,3,0,0,3,0,2,0,5,4,0,0,67,55
2018-08-05,2018,"Round 20","MCG","Kade Kolodjashnij","Gold Coast","Melbourne","Away",0,9683,6,9,14,77.8,0,0,6,0,0,0,4,437,8,12,0,97,15,3,18,5,0,0,2,0,3,0,5,7,1,1,72,78
2018-08-05,2018,"Round 20","MCG","Jacob Dawson","Gold Coast","Melbourne","Away",0,9683,6,11,13,72.2,0,0,1,0,1,3,2,87,3,1,0,78,4,14,18,3,0,0,2,0,2,4,0,1,1,0,58,54
2018-08-05,2018,"Round 20","MCG","Lachlan Weller","Gold Coast","Melbourne","Away",2,9683,6,10,12,75,1,1,1,3,1,0,4,362,3,1,3,86,11,5,16,5,0,0,5,0,3,1,2,1,2,0,80,79
2018-08-05,2018,"Round 20","MCG","Brayden Fiorini","Gold Coast","Melbourne","Away",0,9683,5,10,12,80,0,0,1,0,1,2,2,231,2,3,2,73,11,4,15,2,0,1,10,0,3,3,2,1,4,0,92,84
2018-08-05,2018,"Round 20","MCG","Jack Bowes","Gold Coast","Melbourne","Away",0,9683,5,9,10,71.4,2,0,1,0,0,0,2,224,4,10,0,84,11,3,14,6,0,0,0,0,2,0,5,3,0,1,54,53
2018-08-05,2018,"Round 20","MCG","Aaron Young","Gold Coast","Melbourne","Away",0,9683,3,11,9,69.2,0,0,2,0,0,0,2,166,5,5,2,90,6,7,13,3,0,0,4,0,3,0,5,1,0,3,48,43
2018-08-05,2018,"Round 20","MCG","Jesse Lonergan","Gold Coast","Melbourne","Away",1,9683,9,5,9,69.2,0,0,1,0,0,5,2,219,2,1,0,78,6,7,13,3,0,0,7,0,3,5,4,0,2,3,62,62
2018-08-05,2018,"Round 20","MCG","Jacob Heron","Gold Coast","Melbourne","Away",0,9683,6,6,8,66.7,0,0,1,2,0,0,1,73,3,2,0,82,2,10,12,2,0,0,0,0,1,0,1,0,0,0,32,41
2018-08-05,2018,"Round 20","MCG","Max Spencer","Gold Coast","Melbourne","Away",0,9683,3,6,7,63.6,0,0,5,1,0,0,0,213,3,6,0,100,5,6,11,2,0,0,0,0,0,0,2,6,0,0,33,33
2018-08-05,2018,"Round 20","MCG","Jarrod Witts","Gold Coast","Melbourne","Away",0,9683,6,4,7,70,0,0,5,0,0,2,1,135,5,4,0,89,6,4,10,1,0,0,6,40,0,2,1,2,0,1,90,92
2018-08-05,2018,"Round 20","MCG","Alex Sexton","Gold Coast","Melbourne","Away",0,9683,3,9,8,80,0,2,1,1,0,1,5,250,4,0,0,92,7,3,10,2,5,0,1,0,2,1,3,0,0,2,61,64
2018-08-05,2018,"Round 20","MCG","Jack Leslie","Gold Coast","Melbourne","Away",1,9683,1,9,5,50,0,2,5,0,0,0,4,279,3,0,0,100,8,2,10,4,0,3,3,8,2,0,3,0,0,2,57,49
2018-08-05,2018,"Round 20","MCG","Michael Rischitelli","Gold Coast","Melbourne","Away",0,9683,4,6,5,55.6,0,0,3,0,0,1,2,199,4,2,0,76,6,3,9,0,1,0,1,0,0,1,3,5,0,1,31,42
2018-08-05,2018,"Round 20","MCG","Sean Lemmens","Gold Coast","Melbourne","Away",0,9683,3,5,5,62.5,1,0,0,0,0,1,1,85,4,1,1,86,4,4,8,3,0,0,7,0,3,1,5,0,1,1,55,24
2018-08-05,2018,"Round 20","MCG","Wil Powell","Gold Coast","Melbourne","Away",1,9683,4,5,3,37.5,1,1,0,0,0,1,2,113,2,2,3,81,5,3,8,4,0,1,4,0,2,1,0,0,1,0,51,45
2018-08-05,2018,"Round 20","MCG","Nicholas Holman","Gold Coast","Melbourne","Away",0,9683,4,2,4,66.7,2,0,0,0,0,0,3,171,0,0,4,89,5,1,6,2,1,0,4,0,2,0,0,1,0,0,45,56
2018-08-05,2018,"Round 20","MCG","Peter Wright","Gold Coast","Melbourne","Away",0,9683,1,0,0,0,1,1,0,0,0,0,0,33,1,0,0,3,1,0,1,1,0,0,1,0,0,0,0,0,0,0,10,13
2018-08-05,2018,"Round 20","Optus Stadium","Jack Redden","West Coast","Fremantle","Home",1,9684,12,23,27,81.8,0,0,2,1,0,4,11,512,2,3,0,85,17,16,33,10,1,0,5,0,6,4,5,2,3,3,133,137
2018-08-05,2018,"Round 20","Optus Stadium","Andrew Gaff","West Coast","Fremantle","Home",1,9684,12,23,22,66.7,0,1,0,0,2,2,8,398,5,6,0,87,17,16,33,3,1,1,3,0,7,4,3,1,4,2,109,123
2018-08-05,2018,"Round 20","Optus Stadium","Luke Shuey","West Coast","Fremantle","Home",0,9684,12,16,19,73.1,0,0,5,0,4,1,8,186,4,2,0,81,10,16,26,4,0,0,4,0,2,5,6,0,6,2,90,91
2018-08-05,2018,"Round 20","Optus Stadium","Bradley Sheppard","West Coast","Fremantle","Home",1,9684,5,21,21,80.8,0,1,3,0,0,0,8,327,3,7,0,88,16,10,26,12,0,1,2,0,4,0,2,5,2,0,115,110
2018-08-05,2018,"Round 20","Optus Stadium","Elliot Yeo","West Coast","Fremantle","Home",0,9684,9,17,18,69.2,0,1,2,2,1,3,14,666,5,3,1,87,16,10,26,6,2,3,5,0,8,4,5,1,1,3,113,125
2018-08-05,2018,"Round 20","Optus Stadium","Mark Hutchings","West Coast","Fremantle","Home",0,9684,6,14,14,66.7,0,0,0,0,1,2,4,209,4,4,0,86,13,8,21,6,0,0,7,0,4,3,5,2,1,2,96,75
2018-08-05,2018,"Round 20","Optus Stadium","Chris Masten","West Coast","Fremantle","Home",1,9684,5,17,16,80,0,0,3,0,0,0,3,191,2,5,0,85,11,9,20,8,0,0,1,0,2,0,1,4,0,0,79,89
2018-08-05,2018,"Round 20","Optus Stadium","Scott Lycett","West Coast","Fremantle","Home",0,9684,16,6,17,85,0,0,3,0,3,4,7,225,5,2,2,84,7,13,20,2,2,0,4,21,1,7,3,2,7,2,103,118
2018-08-05,2018,"Round 20","Optus Stadium","Shannon Hurn","West Coast","Fremantle","Home",0,9684,6,12,19,100,0,0,1,0,0,0,1,194,1,8,0,85,11,8,19,5,0,0,1,0,1,0,1,1,0,1,65,101
2018-08-05,2018,"Round 20","Optus Stadium","Lewis Jetta","West Coast","Fremantle","Home",1,9684,2,17,12,66.7,0,0,2,0,0,0,4,262,2,1,0,85,13,5,18,8,0,0,3,0,2,0,3,1,0,1,82,67
2018-08-05,2018,"Round 20","Optus Stadium","Jamie Cripps","West Coast","Fremantle","Home",0,9684,5,13,12,70.6,0,1,4,1,0,0,9,348,1,2,2,83,10,7,17,6,4,3,3,0,5,0,1,1,1,0,102,104
2018-08-05,2018,"Round 20","Optus Stadium","Jeremy McGovern","West Coast","Fremantle","Home",0,9684,7,8,14,93.3,2,0,4,0,0,0,3,253,2,7,0,75,8,7,15,5,0,0,0,0,1,0,0,2,0,0,53,80
2018-08-05,2018,"Round 20","Optus Stadium","Liam Ryan","West Coast","Fremantle","Home",2,9684,8,8,10,66.7,0,1,2,1,1,0,10,319,2,1,2,83,12,3,15,2,3,2,2,0,3,1,5,1,1,2,71,97
2018-08-05,2018,"Round 20","Optus Stadium","Liam Duggan","West Coast","Fremantle","Home",0,9684,5,10,9,64.3,0,0,2,0,0,1,3,459,4,5,0,89,12,2,14,1,0,0,0,0,4,1,3,5,0,1,40,43
2018-08-05,2018,"Round 20","Optus Stadium","Willie Rioli","West Coast","Fremantle","Home",0,9684,4,10,12,85.7,0,1,1,1,0,0,5,260,3,1,0,87,10,4,14,5,2,0,2,0,2,0,4,1,1,2,68,76
2018-08-05,2018,"Round 20","Optus Stadium","Jack Darling","West Coast","Fremantle","Home",0,9684,6,6,8,61.5,1,5,4,0,0,0,9,331,3,1,3,89,9,4,13,5,4,2,4,0,1,0,2,0,1,1,90,95
2018-08-05,2018,"Round 20","Optus Stadium","Tom Barrass","West Coast","Fremantle","Home",0,9684,7,8,10,76.9,2,0,7,0,0,0,3,233,3,7,0,88,11,2,13,9,0,0,0,0,0,0,2,3,3,0,67,75
2018-08-05,2018,"Round 20","Optus Stadium","Mark Lecras","West Coast","Fremantle","Home",0,9684,3,9,8,66.7,0,0,1,1,0,1,3,377,4,1,1,90,12,0,12,4,0,0,3,0,4,1,3,0,2,1,59,65
2018-08-05,2018,"Round 20","Optus Stadium","Daniel Venables","West Coast","Fremantle","Home",2,9684,9,3,9,75,0,0,0,0,4,1,5,190,3,0,0,80,8,4,12,2,0,1,1,0,1,5,2,0,2,0,45,63
2018-08-05,2018,"Round 20","Optus Stadium","Tom Cole","West Coast","Fremantle","Home",0,9684,7,8,9,90,0,0,5,0,1,0,3,130,0,6,0,87,6,4,10,4,0,0,0,0,1,1,0,0,0,0,38,69
2018-08-05,2018,"Round 20","Optus Stadium","Nathan Vardy","West Coast","Fremantle","Home",0,9684,5,3,5,62.5,1,0,0,0,0,0,5,142,1,2,1,82,6,2,8,2,2,2,3,18,0,0,2,0,1,2,67,62
2018-08-05,2018,"Round 20","Optus Stadium","Will Schofield","West Coast","Fremantle","Home",0,9684,0,2,2,100,0,0,3,0,0,0,0,57,0,0,0,15,2,0,2,1,0,0,1,0,0,0,0,0,0,0,13,28
2018-08-05,2018,"Round 20","Optus Stadium","Bradley Hill","Fremantle","West Coast","Away",1,9684,6,23,22,73.3,0,0,0,0,0,2,6,627,3,3,0,85,17,13,30,7,0,0,2,0,4,2,3,4,0,1,103,105
2018-08-05,2018,"Round 20","Optus Stadium","David Mundy","Fremantle","West Coast","Away",1,9684,15,12,23,85.2,0,0,1,0,5,3,6,357,3,2,0,78,8,19,27,4,0,0,10,0,3,8,4,1,0,2,108,116
2018-08-05,2018,"Round 20","Optus Stadium","Lachie Neale","Fremantle","West Coast","Away",0,9684,22,5,19,73.1,2,1,2,0,5,4,6,114,3,5,1,82,7,19,26,3,1,0,6,0,2,9,6,1,8,4,94,120
2018-08-05,2018,"Round 20","Optus Stadium","Michael Walters","Fremantle","West Coast","Away",0,9684,11,13,15,68.2,2,3,3,0,0,2,10,576,5,1,1,92,14,8,22,3,2,1,5,0,6,2,6,0,2,5,87,99
2018-08-05,2018,"Round 20","Optus Stadium","Stephen Hill","Fremantle","West Coast","Away",0,9684,3,15,12,63.2,0,0,3,0,0,1,4,489,4,4,0,82,11,8,19,6,0,0,1,0,1,1,1,6,0,0,71,67
2018-08-05,2018,"Round 20","Optus Stadium","Brandon Matera","Fremantle","West Coast","Away",0,9684,3,13,12,70.6,0,1,0,0,0,0,6,349,3,3,0,75,13,4,17,2,2,1,4,0,5,0,3,0,2,1,81,75
2018-08-05,2018,"Round 20","Optus Stadium","Nathan Wilson","Fremantle","West Coast","Away",1,9684,4,14,12,70.6,1,0,3,0,0,0,5,462,8,2,0,80,13,4,17,2,0,0,0,0,4,0,2,3,3,0,56,66
2018-08-05,2018,"Round 20","Optus Stadium","Andrew Brayshaw","Fremantle","West Coast","Away",0,9684,8,8,13,81.2,0,0,1,0,0,1,1,121,2,5,0,41,6,10,16,1,0,0,4,0,0,1,2,2,1,1,55,78
2018-08-05,2018,"Round 20","Optus Stadium","Luke Ryan","Fremantle","West Coast","Away",0,9684,3,10,9,64.3,2,0,4,0,0,0,0,372,9,7,0,93,12,2,14,9,0,0,0,0,1,0,2,6,1,0,68,73
2018-08-05,2018,"Round 20","Optus Stadium","Brady Grey","Fremantle","West Coast","Away",2,9684,2,10,9,69.2,0,0,3,0,0,0,3,280,1,2,1,76,9,4,13,3,0,1,3,0,5,0,3,2,2,2,53,55
2018-08-05,2018,"Round 20","Optus Stadium","Michael Johnson","Fremantle","West Coast","Away",0,9684,6,8,8,72.7,0,0,7,0,0,1,2,140,5,6,0,87,4,7,11,3,0,0,0,0,0,1,7,3,1,4,24,37
2018-08-05,2018,"Round 20","Optus Stadium","Hayden Ballantyne","Fremantle","West Coast","Away",1,9684,3,8,6,54.5,0,1,0,0,1,0,4,219,5,0,0,79,6,5,11,3,1,0,0,0,5,1,3,0,1,1,41,38
2018-08-05,2018,"Round 20","Optus Stadium","Matthew Taberner","Fremantle","West Coast","Away",0,9684,4,7,7,63.6,1,2,0,0,0,1,4,220,8,2,0,92,8,3,11,4,2,1,1,1,3,1,6,0,0,4,48,30
2018-08-05,2018,"Round 20","Optus Stadium","Darcy Tucker","Fremantle","West Coast","Away",0,9684,0,11,9,81.8,0,0,4,0,0,0,2,257,3,1,0,74,7,4,11,4,0,0,2,0,1,0,3,3,0,1,46,48
2018-08-05,2018,"Round 20","Optus Stadium","Brennan Cox","Fremantle","West Coast","Away",0,9684,6,6,9,81.8,2,2,3,0,0,0,6,123,0,1,0,96,6,5,11,4,1,2,4,5,0,0,0,0,2,0,71,74
2018-08-05,2018,"Round 20","Optus Stadium","Bailey Banfield","Fremantle","West Coast","Away",0,9684,7,5,8,72.7,0,0,4,0,1,2,3,86,3,3,0,81,4,7,11,1,0,0,2,0,0,3,4,2,1,3,29,38
2018-08-05,2018,"Round 20","Optus Stadium","Cameron McCarthy","Fremantle","West Coast","Away",1,9684,2,7,8,80,1,3,2,0,0,0,4,238,2,1,1,97,8,2,10,6,2,0,4,0,2,0,2,0,0,0,74,65
2018-08-05,2018,"Round 20","Optus Stadium","Ed Langdon","Fremantle","West Coast","Away",2,9684,4,5,10,100,1,0,0,0,0,0,4,143,1,3,1,84,6,4,10,3,1,0,4,0,3,0,1,2,0,1,54,56
2018-08-05,2018,"Round 20","Optus Stadium","Adam Cerra","Fremantle","West Coast","Away",0,9684,3,4,5,71.4,0,0,2,0,1,0,0,64,1,2,0,78,2,5,7,1,0,0,1,0,1,1,2,0,0,1,20,26
2018-08-05,2018,"Round 20","Optus Stadium","Mitchell Crowden","Fremantle","West Coast","Away",0,9684,1,6,5,71.4,0,0,1,0,0,0,3,97,2,1,0,65,3,4,7,2,0,0,2,0,1,0,2,0,1,1,29,25
2018-08-05,2018,"Round 20","Optus Stadium","Alex Pearce","Fremantle","West Coast","Away",0,9684,6,2,4,66.7,0,0,5,0,0,0,0,56,2,6,0,98,1,5,6,1,0,0,0,0,0,0,0,1,0,0,16,36
2018-08-05,2018,"Round 20","Optus Stadium","Sean Darcy","Fremantle","West Coast","Away",0,9684,3,2,5,100,0,0,2,0,0,2,7,139,0,0,0,87,2,3,5,1,1,0,3,33,2,2,4,0,0,4,54,77
